StartDate,EndDate,Status,IPAddress,Progress,Duration (in seconds),Finished,RecordedDate,LocationLatitude,LocationLongitude,student,college,year,age,gender,major,athlete,greek,politics,religious,religion,partners,partners_college,relationship
Start Date,End Date,Response Type,IP Address,Progress,Duration (in seconds),Finished,Recorded Date,Location Latitude,Location Longitude,Are you currently a college student?,Which college do you attend? - Selected Choice,In which year of study are you?,What is your age? (Please enter numerically),What is your gender?,What is your current or planned major?,Are you a student-athlete?,Are you involved in fraternity or sorority life on campus?,How would you describe your political views?,Would you consider yourself to be religious?,What is your religion? - Selected Choice,"In your life, how many total sexual partners have you had? (Please enter numerically)","Of those, how many have you had since coming to college? (Please enter numerically)",Are you currently in a committed romantic relationship lasting longer than 1 month?
3/26/2018 14:04,3/26/2018 14:05,IP Address,174.193.140.119,100,33,TRUE,3/26/2018 14:05,35.01210022,-80.88210297,Yes,Duke University,Sophomore,19,Male,Computer Science,No,,Somewhat Liberal,No,,5,,Yes
3/26/2018 14:14,3/26/2018 14:15,IP Address,152.3.43.21,100,66,TRUE,3/26/2018 14:15,35.9954071,-78.90190125,Yes,Duke University,Sophomore,19,Female,Neuroscience,No,No,Somewhat Liberal,Yes,Hinduism,0,0,Yes
3/26/2018 14:15,3/26/2018 14:16,IP Address,152.3.43.22,100,56,TRUE,3/26/2018 14:16,35.9954071,-78.90190125,Yes,Duke University,Sophomore,19,Male,Computer Science,No,No,Somewhat Liberal,No,,5,2,Yes
3/26/2018 14:17,3/26/2018 14:18,IP Address,198.86.29.23,100,39,TRUE,3/26/2018 14:18,35.9954071,-78.90190125,Yes,Duke University,Sophomore,19,Female,biology and global health,No,No,Very Liberal,No,,0,0,No
3/26/2018 14:23,3/26/2018 14:24,IP Address,152.3.43.2,100,53,TRUE,3/26/2018 14:24,35.9954071,-78.90190125,Yes,Duke University,Freshman,17,Female,History ,No,No,Very Liberal,Yes,Christianity,0,0,No
3/26/2018 14:23,3/26/2018 14:24,IP Address,152.3.43.188,100,40,TRUE,3/26/2018 14:24,35.9954071,-78.90190125,Yes,Duke University,Sophomore,20,Female,Biology,No,Yes,Very Liberal,Yes,Christianity,3,3,Yes
3/26/2018 14:24,3/26/2018 14:25,IP Address,152.3.43.188,100,39,TRUE,3/26/2018 14:25,35.9954071,-78.90190125,Yes,Duke University,Junior,21,Male,Sociology,Yes,No,Somewhat Conservative,No,,8,2,Yes
3/26/2018 14:23,3/26/2018 14:25,IP Address,152.3.43.22,100,91,TRUE,3/26/2018 14:25,35.9954071,-78.90190125,Yes,Duke University,Sophomore,19,Male,Computer science,No,No,Somewhat Liberal,Yes,Hinduism,,,
3/26/2018 14:23,3/26/2018 14:25,IP Address,198.86.29.23,100,91,TRUE,3/26/2018 14:25,35.9954071,-78.90190125,Yes,Duke University,Sophomore,19,Female,Biology,No,No,Somewhat Liberal,Yes,Christianity,2,2,Yes
3/26/2018 14:24,3/26/2018 14:25,IP Address,152.3.43.6,100,54,TRUE,3/26/2018 14:25,35.9954071,-78.90190125,Yes,Duke University,Junior,21,Male,Philosophy,No,No,Somewhat Liberal,No,,5,4,Yes
3/26/2018 14:24,3/26/2018 14:25,IP Address,152.3.43.28,100,56,TRUE,3/26/2018 14:25,35.9954071,-78.90190125,Yes,Duke University,Senior,22,Female,BME,No,No,Somewhat Conservative,No,,0,0,Yes
3/26/2018 14:26,3/26/2018 14:27,IP Address,152.3.43.28,100,43,TRUE,3/26/2018 14:27,35.9954071,-78.90190125,Yes,Duke University,Sophomore,20,Female,Idm ,No,No,Somewhat Liberal,No,,9,3,Yes
3/26/2018 14:27,3/26/2018 14:28,IP Address,198.86.29.23,100,60,TRUE,3/26/2018 14:28,35.9954071,-78.90190125,Yes,Duke University,Senior,21,Female,Biology,No,No,Somewhat Liberal,Yes,Hinduism,0,0,No
3/26/2018 14:27,3/26/2018 14:28,IP Address,198.86.29.17,100,72,TRUE,3/26/2018 14:28,35.9954071,-78.90190125,Yes,Duke University,,25,Female,,No,No,Very Liberal,No,,4,4,Yes
3/26/2018 14:27,3/26/2018 14:29,IP Address,152.3.43.28,100,79,TRUE,3/26/2018 14:29,35.9954071,-78.90190125,No,,,69,Male,Kama Sutra,Yes,Yes,Neither,Yes,Jainism,1.00E-04,69,Yes
3/26/2018 14:29,3/26/2018 14:29,IP Address,174.193.163.237,100,49,TRUE,3/26/2018 14:29,35.74630737,-78.72389984,Yes,Duke University,Sophomore,20,Female,cul anth/ global health ,No,No,"Somewhat Liberal,Very Liberal",No,,1,1,Yes
3/26/2018 14:28,3/26/2018 14:30,IP Address,198.86.29.23,100,117,TRUE,3/26/2018 14:30,35.9954071,-78.90190125,Yes,,,,,,,,,,,,,
3/26/2018 14:28,3/26/2018 14:30,IP Address,174.193.147.221,100,94,TRUE,3/26/2018 14:30,35.29359436,-80.73500061,Yes,Duke University,Junior,21,Male,"Global health, econ",Yes,No,Very Liberal,Yes,Christianity,1,1,Yes
3/26/2018 14:28,3/26/2018 14:30,IP Address,152.3.43.22,100,83,TRUE,3/26/2018 14:30,35.9954071,-78.90190125,Yes,Duke University,Sophomore,21,Female,Program 2,No,Yes,,No,,2,1,Yes
3/26/2018 14:29,3/26/2018 14:30,IP Address,152.3.43.20,100,60,TRUE,3/26/2018 14:30,35.9954071,-78.90190125,Yes,Duke University,Sophomore,23,Other,Environmental Science,No,No,Somewhat Liberal,No,,0,0,No
3/26/2018 14:29,3/26/2018 14:30,IP Address,223.237.236.82,100,87,TRUE,3/26/2018 14:30,12.98330688,77.58331299,Yes,,,,,,,,,,,,,
3/26/2018 14:30,3/26/2018 14:31,IP Address,107.77.235.214,100,77,TRUE,3/26/2018 14:31,37.75100708,-97.8219986,Yes,Duke University,Junior,21,Female,Literature,No,No,Very Liberal,No,,24,22,Yes
3/26/2018 14:30,3/26/2018 14:31,IP Address,152.3.43.20,100,61,TRUE,3/26/2018 14:31,35.9954071,-78.90190125,Yes,Duke University,Sophomore,19,Male,ECE,No,No,Somewhat Liberal,Yes,Christianity,0,0,No
3/26/2018 14:30,3/26/2018 14:31,IP Address,107.77.233.57,100,56,TRUE,3/26/2018 14:31,33.74899292,-84.38800049,Yes,Duke University,Sophomore,19,Female,Neuroscience,No,No,Somewhat Liberal,No,,4,2,No
3/26/2018 14:30,3/26/2018 14:31,IP Address,186.153.55.15,100,60,TRUE,3/26/2018 14:31,-34.603302,-58.38159943,No,,,25,Female,Psych,No,No,Somewhat Liberal,No,,5,1,Yes
3/26/2018 14:30,3/26/2018 14:31,IP Address,152.3.43.20,100,97,TRUE,3/26/2018 14:31,35.9954071,-78.90190125,Yes,Duke University,Senior,22,Male,Biology,No,No,Somewhat Conservative,Yes,Islam,8,6,No
3/26/2018 14:28,3/26/2018 14:32,IP Address,24.163.88.107,100,217,TRUE,3/26/2018 14:32,36.03779602,-78.9858017,Yes,Duke University,Senior,21,Female,Global health,No,Yes,Somewhat Liberal,No,,3,2,Yes
3/26/2018 14:31,3/26/2018 14:32,IP Address,174.193.134.109,100,47,TRUE,3/26/2018 14:32,35.17520142,-79.38339996,Yes,Duke University,Sophomore,19,Male,,No,Yes,Somewhat Conservative,No,,3,1,Yes
3/26/2018 14:31,3/26/2018 14:32,IP Address,198.86.29.23,100,59,TRUE,3/26/2018 14:32,35.9954071,-78.90190125,Yes,Duke University,Sophomore,20,Female,Math,No,No,Neither,No,,3,2,Yes
3/26/2018 14:31,3/26/2018 14:32,IP Address,152.3.43.21,100,39,TRUE,3/26/2018 14:32,35.9954071,-78.90190125,Yes,Duke University,Sophomore,19,Female,Neuroscience ,No,No,Somewhat Liberal,No,,4,2,No
3/26/2018 14:31,3/26/2018 14:32,IP Address,107.15.250.83,100,80,TRUE,3/26/2018 14:32,35.9954071,-78.90190125,Yes,Duke University,Senior,22,Male,CS,No,No,Somewhat Liberal,No,,0,0,No
3/26/2018 14:32,3/26/2018 14:32,IP Address,152.3.43.21,100,31,TRUE,3/26/2018 14:32,35.9954071,-78.90190125,Yes,Duke University,Sophomore,19,Male,Economics,No,No,Somewhat Conservative,No,,,,
3/26/2018 14:33,3/26/2018 14:33,IP Address,98.26.106.21,100,13,TRUE,3/26/2018 14:33,35.91329956,-79.15920258,Yes,,,,,,,,,,,,,
3/26/2018 14:32,3/26/2018 14:33,IP Address,174.109.75.151,100,31,TRUE,3/26/2018 14:33,36.0355072,-78.8391037,Yes,Duke University,Senior,21,Male,ME,No,Yes,Somewhat Liberal,No,,2,1,Yes
3/26/2018 14:32,3/26/2018 14:33,IP Address,152.3.43.22,100,49,TRUE,3/26/2018 14:33,35.9954071,-78.90190125,Yes,Duke University,Sophomore,20,Female,Computer science ,No,No,Very Liberal,No,,2,1,No
3/26/2018 14:32,3/26/2018 14:34,IP Address,45.36.37.40,100,96,TRUE,3/26/2018 14:34,36.23660278,-80.2983017,No,,,29,Female,,No,No,Somewhat Liberal,Yes,Christianity,10,8,Yes
3/26/2018 14:33,3/26/2018 14:34,IP Address,152.3.43.2,100,28,TRUE,3/26/2018 14:34,35.9954071,-78.90190125,Yes,Duke University,Freshman,18,Female,Statistics,No,No,Somewhat Liberal,No,,0,0,No
3/26/2018 14:33,3/26/2018 14:34,IP Address,152.3.43.188,100,52,TRUE,3/26/2018 14:34,35.9954071,-78.90190125,Yes,Duke University,Senior,22,Male,Public Policy ,No,No,Very Liberal,Yes,Christianity,10,9,No
3/26/2018 14:34,3/26/2018 14:35,IP Address,152.3.43.28,100,39,TRUE,3/26/2018 14:35,35.9954071,-78.90190125,Yes,Duke University,Sophomore,19,Female,Pubpol,No,Yes,Very Liberal,No,,6,3,Yes
3/26/2018 14:34,3/26/2018 14:35,IP Address,174.109.67.205,100,38,TRUE,3/26/2018 14:35,35.9954071,-78.90190125,Yes,Duke University,Senior,22,Male,Economics,No,Yes,Somewhat Liberal,No,,10,10,No
3/26/2018 14:34,3/26/2018 14:35,IP Address,152.3.43.20,100,71,TRUE,3/26/2018 14:35,35.9954071,-78.90190125,Yes,Duke University,Sophomore,19,Female,pol sci,No,No,Very Liberal,Yes,Christianity,4,3,Yes
3/26/2018 14:34,3/26/2018 14:35,IP Address,152.3.43.22,100,39,TRUE,3/26/2018 14:35,35.9954071,-78.90190125,Yes,Duke University,Sophomore,19,Male,"Statistics, Economics",No,Yes,Somewhat Liberal,No,,9,7,Yes
3/26/2018 14:34,3/26/2018 14:35,IP Address,152.3.43.20,100,79,TRUE,3/26/2018 14:35,35.9954071,-78.90190125,Yes,Duke University,Junior,20,Female,Biomedical Engineering ,No,No,Very Liberal,No,,10,8,No
3/26/2018 14:35,3/26/2018 14:35,IP Address,152.3.43.28,100,30,TRUE,3/26/2018 14:35,35.9954071,-78.90190125,Yes,Duke University,Senior,22,Female,,No,No,Very Liberal,Yes,Islam,0,0,No
3/26/2018 14:35,3/26/2018 14:36,IP Address,152.3.43.23,100,48,TRUE,3/26/2018 14:36,35.9954071,-78.90190125,Yes,Duke University,Sophomore,19,Female,ECE/CS,No,No,Very Liberal,No,,17,17,Yes
3/26/2018 14:36,3/26/2018 14:36,IP Address,152.3.43.134,100,42,TRUE,3/26/2018 14:36,35.9954071,-78.90190125,Yes,Duke University,Senior,22,Male,Environmental Engineering,No,No,Very Liberal,No,,1,0,No
3/26/2018 14:36,3/26/2018 14:37,IP Address,107.77.235.6,100,62,TRUE,3/26/2018 14:37,37.75100708,-97.8219986,Yes,Duke University,Sophomore,19,Female,Statistics ,No,Yes,Somewhat Liberal,Yes,Christianity,5,3,Yes
3/26/2018 14:36,3/26/2018 14:37,IP Address,152.3.43.20,100,39,TRUE,3/26/2018 14:37,35.9954071,-78.90190125,Yes,Duke University,Freshman,19,Male,ECE/CS,No,Yes,Somewhat Liberal,Yes,Christianity,0,0,No
3/26/2018 14:36,3/26/2018 14:37,IP Address,198.86.29.23,100,64,TRUE,3/26/2018 14:37,35.9954071,-78.90190125,Yes,Duke University,Junior,20,Female,Engineering,No,Yes,Neither,Yes,Christianity,8,8,Yes
3/26/2018 14:36,3/26/2018 14:37,IP Address,24.163.83.4,100,87,TRUE,3/26/2018 14:37,36.03779602,-78.9858017,Yes,Duke University,Senior,22,Female,Psychology?,No,Yes,Very Liberal,No,,14,12,Yes
3/26/2018 14:36,3/26/2018 14:38,IP Address,152.3.43.188,100,119,TRUE,3/26/2018 14:38,35.9954071,-78.90190125,Yes,Duke University,Sophomore,18,Female,Biology,No,No,Very Liberal,No,,11,10,No
3/26/2018 14:37,3/26/2018 14:38,IP Address,99.203.21.41,100,43,TRUE,3/26/2018 14:38,36.07260132,-79.79199982,Yes,Duke University,Sophomore,19,Female,Spanish,No,Yes,Very Liberal,No,,1,1,Yes
3/26/2018 14:38,3/26/2018 14:39,IP Address,216.165.95.167,100,20,TRUE,3/26/2018 14:39,40.73170471,-73.9885025,,,,,,,,,,,,,,
3/26/2018 14:38,3/26/2018 14:39,IP Address,174.109.79.43,100,49,TRUE,3/26/2018 14:39,36.0355072,-78.8391037,Yes,Duke University,Senior,22,Female,Neuroscience,No,No,Somewhat Liberal,No,,3,1,Yes
3/26/2018 14:38,3/26/2018 14:39,IP Address,107.77.209.158,100,47,TRUE,3/26/2018 14:39,37.75100708,-97.8219986,No,,,23,Female,Biology,No,No,Very Liberal,No,,3,2,Yes
3/26/2018 14:39,3/26/2018 14:39,IP Address,8.25.232.161,100,38,TRUE,3/26/2018 14:39,35.70930481,-80.45230103,Yes,Duke University,Freshman,19,Female,global health,No,No,Neither,Yes,Christianity,1,0,No
3/26/2018 14:40,3/26/2018 14:41,IP Address,152.16.191.132,100,45,TRUE,3/26/2018 14:41,35.94659424,-78.79769897,No,,,23,Female,,No,,Somewhat Liberal,No,,8,8,Yes
3/26/2018 14:40,3/26/2018 14:41,IP Address,45.37.97.90,100,60,TRUE,3/26/2018 14:41,35.94999695,-78.96160126,Yes,Duke University,,22,Female,Law school ,No,No,Very Liberal,No,,0,0,No
3/26/2018 14:41,3/26/2018 14:42,IP Address,198.86.29.23,100,50,TRUE,3/26/2018 14:42,35.9954071,-78.90190125,Yes,Duke University,Senior,21,Female,,,,,,,,,
3/26/2018 14:42,3/26/2018 14:43,IP Address,152.3.34.67,100,41,TRUE,3/26/2018 14:43,35.9954071,-78.90190125,Yes,Duke University,Sophomore,19,Female,,No,No,Very Liberal,No,,0,0,No
3/26/2018 14:42,3/26/2018 14:43,IP Address,152.3.43.22,100,49,TRUE,3/26/2018 14:43,35.9954071,-78.90190125,Yes,Duke University,Junior,19,Female,Computer science,No,No,"Somewhat Liberal,Very Liberal",No,,1,1,Yes
3/26/2018 14:43,3/26/2018 14:44,IP Address,198.86.29.23,100,39,TRUE,3/26/2018 14:44,35.9954071,-78.90190125,Yes,Duke University,Sophomore,19,Male,Bme,No,No,Somewhat Liberal,No,,4,1,Yes
3/26/2018 14:42,3/26/2018 14:44,IP Address,198.86.29.23,100,95,TRUE,3/26/2018 14:44,35.9954071,-78.90190125,Yes,Duke University,Sophomore,19,Female,Public policy,No,Yes,Very Liberal,Yes,Islam,6,5,No
3/26/2018 14:43,3/26/2018 14:45,IP Address,152.3.43.20,100,89,TRUE,3/26/2018 14:45,35.9954071,-78.90190125,Yes,Duke University,Junior,21,Female,Econ and PoliSci,No,Yes,Very Liberal,No,,7,6,Yes
3/26/2018 14:44,3/26/2018 14:46,IP Address,152.3.43.36,100,112,TRUE,3/26/2018 14:46,35.9954071,-78.90190125,Yes,Duke University,Sophomore,20,Female,Computer Science,No,No,"Somewhat Liberal,Very Liberal",No,,20,2,Yes
3/26/2018 14:46,3/26/2018 14:46,IP Address,152.3.43.188,100,19,TRUE,3/26/2018 14:46,35.9954071,-78.90190125,Yes,,,,,,,,,,,,,
3/26/2018 14:45,3/26/2018 14:46,IP Address,152.3.43.230,100,41,TRUE,3/26/2018 14:46,35.9954071,-78.90190125,Yes,Duke University,Senior,22,Male,Mechanical Engineering,No,No,Somewhat Liberal,Yes,Christianity,1,1,Yes
3/26/2018 14:46,3/26/2018 14:47,IP Address,174.193.137.102,100,39,TRUE,3/26/2018 14:47,36.01620483,-80.04340363,Yes,Duke University,Freshman,18,Female,Mathematics ,No,No,Very Liberal,No,,4,1,Yes
3/26/2018 14:46,3/26/2018 14:47,IP Address,174.193.128.120,100,65,TRUE,3/26/2018 14:47,35.32839966,-80.74590302,Yes,Duke University,Sophomore,19,Female,ICS/Global health ,No,No,Very Liberal,No,,2,1,No
3/26/2018 14:48,3/26/2018 14:48,IP Address,152.3.43.22,100,35,TRUE,3/26/2018 14:48,35.9954071,-78.90190125,Yes,Duke University,Junior,20,Male,BME ece,No,Yes,Somewhat Conservative,Yes,Christianity,6,5,No
3/26/2018 14:48,3/26/2018 14:49,IP Address,152.3.43.3,100,45,TRUE,3/26/2018 14:49,35.9954071,-78.90190125,Yes,Duke University,Sophomore,52,Male,,No,No,Somewhat Liberal,No,,650,756,Yes
3/26/2018 14:48,3/26/2018 14:49,IP Address,174.109.120.161,100,52,TRUE,3/26/2018 14:49,36.0355072,-78.8391037,Yes,Duke University,Senior,69,Other,Womenâ€™s studies,No,Yes,Very Conservative,No,,69,420,No
3/26/2018 14:49,3/26/2018 14:49,IP Address,174.193.128.163,100,31,TRUE,3/26/2018 14:49,35.32839966,-80.74590302,,,,,,,,,,,,,,
3/26/2018 14:49,3/26/2018 14:50,IP Address,188.37.129.181,100,49,TRUE,3/26/2018 14:50,38.71670532,-9.133300781,Yes,Duke University,Junior,20,Male,Computer Science ,No,No,Somewhat Liberal,Yes,Christianity,2,1,Yes
3/26/2018 14:49,3/26/2018 14:50,IP Address,152.3.43.21,100,27,TRUE,3/26/2018 14:50,35.9954071,-78.90190125,Yes,Duke University,Junior,20,Female,,No,No,Neither,No,,2,2,No
3/26/2018 14:49,3/26/2018 14:50,IP Address,24.163.85.36,100,105,TRUE,3/26/2018 14:50,36.0355072,-78.8391037,Yes,Duke University,Senior,21,Female,Public Policy,No,No,Somewhat Liberal,No,,7,6,No
3/26/2018 14:50,3/26/2018 14:50,IP Address,152.3.43.23,100,29,TRUE,3/26/2018 14:50,35.9954071,-78.90190125,Yes,,,,,,,,,,,,,
3/26/2018 14:50,3/26/2018 14:51,IP Address,152.3.34.67,100,54,TRUE,3/26/2018 14:51,35.9954071,-78.90190125,Yes,Duke University,Sophomore,20,Male,Econ ,No,Yes,Somewhat Liberal,No,,5,3,No
3/26/2018 14:42,3/26/2018 14:51,IP Address,76.182.33.7,100,499,TRUE,3/26/2018 14:51,35.88960266,-78.92440033,Yes,Duke University,Sophomore,19,Female,Comp Sci,No,No,Somewhat Liberal,No,,2,1,No
3/26/2018 14:50,3/26/2018 14:51,IP Address,152.3.43.188,100,97,TRUE,3/26/2018 14:51,35.9954071,-78.90190125,Yes,Duke University,Junior,20,Female,Psychology ,No,No,Very Liberal,No,,9,7,No
3/26/2018 14:51,3/26/2018 14:52,IP Address,152.3.43.230,100,40,TRUE,3/26/2018 14:52,35.9954071,-78.90190125,Yes,Duke University,Senior,22,Female,Neuroscience,No,No,Very Liberal,No,,3,3,Yes
3/26/2018 14:52,3/26/2018 14:52,IP Address,174.194.4.34,100,49,TRUE,3/26/2018 14:52,35.32839966,-80.74590302,Yes,Duke University,Sophomore,20,Male,Biology/Sociology,No,No,Somewhat Liberal,No,,4,2,Yes
3/26/2018 14:52,3/26/2018 14:52,IP Address,152.3.43.2,100,57,TRUE,3/26/2018 14:52,35.9954071,-78.90190125,Yes,Duke University,Freshman,19,Female,Uh Bio? CS?,No,No,Very Liberal,No,,0,0,No
3/26/2018 14:52,3/26/2018 14:53,IP Address,99.203.17.246,100,34,TRUE,3/26/2018 14:53,39.34300232,-76.68579865,Yes,Duke University,Sophomore,20,Female,History,No,No,Very Liberal,No,,0,0,No
3/26/2018 14:52,3/26/2018 14:53,IP Address,76.182.9.110,100,43,TRUE,3/26/2018 14:53,35.94659424,-78.79769897,Yes,Duke University,Senior,22,Male,CompSci,No,No,Somewhat Conservative,Yes,Christianity,1,1,No
3/26/2018 14:53,3/26/2018 14:53,IP Address,152.3.43.20,100,36,TRUE,3/26/2018 14:53,35.9954071,-78.90190125,Yes,Duke University,Sophomore,19,Female,cs,No,No,Somewhat Liberal,No,,1,1,Yes
3/26/2018 14:51,3/26/2018 14:53,IP Address,152.3.43.23,100,136,TRUE,3/26/2018 14:53,35.9954071,-78.90190125,Yes,Duke University,Sophomore,20,Female,Mechanical Engineering,No,No,Very Liberal,No,,4,3,Yes
3/26/2018 14:53,3/26/2018 14:53,IP Address,152.3.43.2,100,45,TRUE,3/26/2018 14:53,35.9954071,-78.90190125,Yes,Duke University,Sophomore,20,Female,VMS,No,No,Very Liberal,No,,5,3,No
3/26/2018 14:53,3/26/2018 14:54,IP Address,152.3.43.230,100,54,TRUE,3/26/2018 14:54,35.9954071,-78.90190125,Yes,Duke University,Sophomore,19,Female,Political Science,No,Yes,Somewhat Liberal,No,,5,3,No
3/26/2018 14:53,3/26/2018 14:54,IP Address,152.3.43.21,100,54,TRUE,3/26/2018 14:54,35.9954071,-78.90190125,Yes,Duke University,Sophomore,20,Male,Mechanical Engineering,No,Yes,"Somewhat Conservative,Neither",No,,9,3,No
3/26/2018 14:53,3/26/2018 14:55,IP Address,152.3.43.188,100,108,TRUE,3/26/2018 14:55,35.9954071,-78.90190125,Yes,Duke University,Junior,20,Male,Biology and French,No,Yes,Very Liberal,No,,20,15,No
3/26/2018 14:55,3/26/2018 14:55,IP Address,198.86.29.23,100,37,TRUE,3/26/2018 14:55,35.9954071,-78.90190125,Yes,Duke University,Sophomore,20,Female,Computer Science,No,Yes,Somewhat Liberal,No,,3,1,Yes
3/26/2018 14:55,3/26/2018 14:55,IP Address,152.3.43.28,100,41,TRUE,3/26/2018 14:55,35.9954071,-78.90190125,Yes,Duke University,Senior,22,Female,English,No,Yes,Very Liberal,Yes,Christianity,1,1,Yes
3/26/2018 14:52,3/26/2018 14:57,IP Address,152.3.43.2,100,281,TRUE,3/26/2018 14:57,35.9954071,-78.90190125,Yes,Duke University,Freshman,19,Female,ICS,No,No,Very Liberal,Yes,Christianity,15,6,No
3/26/2018 14:53,3/26/2018 14:57,IP Address,152.3.43.24,100,232,TRUE,3/26/2018 14:57,35.9954071,-78.90190125,Yes,Duke University,Junior,20,Female,Neuroscience ,Yes,No,Very Liberal,No,,1,1,Yes
3/26/2018 14:48,3/26/2018 14:57,IP Address,152.3.43.2,100,525,TRUE,3/26/2018 14:57,35.9954071,-78.90190125,Yes,Duke University,Freshman,18,Male,"Mathematics, Computer Science",Yes,No,Somewhat Conservative,No,,2,2,Yes
3/26/2018 14:56,3/26/2018 14:57,IP Address,198.86.29.23,100,59,TRUE,3/26/2018 14:57,35.9954071,-78.90190125,Yes,Duke University,Senior,22,Female,Sociology ,No,Yes,Very Liberal,No,,13,12,Yes
3/26/2018 14:58,3/26/2018 14:58,IP Address,108.185.153.9,100,39,TRUE,3/26/2018 14:58,34.04379272,-118.2512054,No,,,24,Male,BME/CS,No,Yes,Somewhat Liberal,No,,6,0,Yes
3/26/2018 14:59,3/26/2018 15:00,IP Address,152.3.43.36,100,54,TRUE,3/26/2018 15:00,35.9954071,-78.90190125,Yes,Duke University,Sophomore,19,Female,Pub pol,No,Yes,Somewhat Liberal,No,,0,0,No
3/26/2018 14:59,3/26/2018 15:00,IP Address,172.58.152.105,100,54,TRUE,3/26/2018 15:00,37.75100708,-97.8219986,No,,,22,Female,BME,No,No,Somewhat Liberal,No,,10,5,Yes
3/26/2018 15:00,3/26/2018 15:00,IP Address,152.3.43.28,100,31,TRUE,3/26/2018 15:00,35.9954071,-78.90190125,Yes,Duke University,Senior,22,Female,Statistics,No,No,Very Liberal,No,,2,1,No
3/26/2018 15:00,3/26/2018 15:00,IP Address,152.3.43.20,100,38,TRUE,3/26/2018 15:00,35.9954071,-78.90190125,Yes,Duke University,Sophomore,19,Female,English,No,No,Very Liberal,No,,2,2,Yes
3/26/2018 14:59,3/26/2018 15:01,IP Address,152.3.43.22,100,115,TRUE,3/26/2018 15:01,35.9954071,-78.90190125,Yes,Duke University,Sophomore,19,Male,econ/cs,No,No,Very Liberal,No,,1,0,No
3/26/2018 15:01,3/26/2018 15:02,IP Address,107.77.237.234,100,46,TRUE,3/26/2018 15:02,37.75100708,-97.8219986,Yes,Duke University,Sophomore,19,Female,Economics,No,Yes,Somewhat Liberal,No,,5,4,No
3/26/2018 15:02,3/26/2018 15:02,IP Address,152.3.43.188,100,26,TRUE,3/26/2018 15:02,35.9954071,-78.90190125,Yes,Duke University,Sophomore,19,Male,,No,Yes,Somewhat Liberal,No,,1,1,No
3/26/2018 15:01,3/26/2018 15:02,IP Address,198.86.29.23,100,98,TRUE,3/26/2018 15:02,35.9954071,-78.90190125,Yes,Duke University,Sophomore,19,Male,Biology,No,No,Very Conservative,Yes,Christianity,0,0,No
3/26/2018 15:02,3/26/2018 15:02,IP Address,152.3.43.22,100,34,TRUE,3/26/2018 15:03,35.9954071,-78.90190125,Yes,Duke University,Sophomore,20,Male,Computer Science,No,No,Somewhat Liberal,Yes,Christianity,0,0,No
3/26/2018 15:01,3/26/2018 15:03,IP Address,174.109.78.208,100,127,TRUE,3/26/2018 15:03,36.03779602,-78.9858017,Yes,Duke University,Senior,22,Female,EvAnth,No,Yes,Somewhat Conservative,No,,0,0,No
3/26/2018 15:01,3/26/2018 15:03,IP Address,152.3.43.36,100,116,TRUE,3/26/2018 15:03,35.9954071,-78.90190125,Yes,Duke University,Sophomore,19,Female,ICS,No,No,Somewhat Liberal,Yes,Christianity,0,0,No
3/26/2018 15:03,3/26/2018 15:03,IP Address,152.3.43.22,100,45,TRUE,3/26/2018 15:03,35.9954071,-78.90190125,Yes,Duke University,Junior,21,Male,Mechanical Engineering ,Yes,No,Very Liberal,Yes,Christianity,1,1,No
3/26/2018 15:02,3/26/2018 15:04,IP Address,152.3.43.28,100,69,TRUE,3/26/2018 15:04,35.9954071,-78.90190125,Yes,Duke University,Junior,21,Male,Statistics,No,No,Somewhat Liberal,No,,2,1,No
3/26/2018 15:02,3/26/2018 15:05,IP Address,107.77.234.126,100,131,TRUE,3/26/2018 15:05,37.75100708,-97.8219986,Yes,Santa Clara University,Sophomore,19.67,Male,Biochemistry ,No,Yes,Somewhat Liberal,No,,0,0,No
3/26/2018 15:05,3/26/2018 15:06,IP Address,152.3.43.23,100,43,TRUE,3/26/2018 15:06,35.9954071,-78.90190125,Yes,Duke University,Sophomore,19,Male,Pub pol,No,No,"Neither,Somewhat Liberal",No,,1,0,No
3/26/2018 15:06,3/26/2018 15:07,IP Address,152.3.34.67,100,54,TRUE,3/26/2018 15:07,35.9954071,-78.90190125,Yes,Duke University,Sophomore,20,Female,History ,No,No,Very Liberal,No,,0,0,No
3/26/2018 15:05,3/26/2018 15:08,IP Address,152.3.43.22,100,170,TRUE,3/26/2018 15:08,35.9954071,-78.90190125,Yes,Duke University,Freshman,19,Female,English,No,No,Very Liberal,No,,1,1,Yes
3/26/2018 15:07,3/26/2018 15:08,IP Address,209.147.148.20,100,71,TRUE,3/26/2018 15:08,33.41479492,-111.9093018,Yes,Arizona State University ,Junior,21,Male,Mechanical Engineering ,No,Yes,Neither,No,,3,2,Yes
3/26/2018 15:07,3/26/2018 15:08,IP Address,152.3.43.21,100,75,TRUE,3/26/2018 15:08,35.9954071,-78.90190125,Yes,Duke University,Sophomore,19,Female,Computer Science,No,Yes,Somewhat Liberal,No,,6,6,Yes
3/26/2018 15:08,3/26/2018 15:09,IP Address,152.3.43.21,100,53,TRUE,3/26/2018 15:09,35.9954071,-78.90190125,Yes,Duke University,Sophomore,19,Male,Biomedical engineering,No,Yes,Somewhat Conservative,No,,5,3,Yes
3/26/2018 15:08,3/26/2018 15:09,IP Address,107.77.233.198,100,40,TRUE,3/26/2018 15:09,32.29879761,-90.18479919,No,,,26,Female,Was a math major ,No,No,Very Liberal,No,,0,0,No
3/26/2018 15:08,3/26/2018 15:09,IP Address,152.3.43.23,100,40,TRUE,3/26/2018 15:09,35.9954071,-78.90190125,Yes,Duke University,Senior,22,Female,,No,No,Somewhat Liberal,No,,2,2,No
3/26/2018 15:08,3/26/2018 15:09,IP Address,152.3.43.188,100,67,TRUE,3/26/2018 15:09,35.9954071,-78.90190125,Yes,Duke University,Junior,21,Female,ECE,No,No,"Neither,Somewhat Liberal",Yes,Christianity,0,0,Yes
3/26/2018 15:09,3/26/2018 15:09,IP Address,107.77.237.194,100,48,TRUE,3/26/2018 15:09,37.75100708,-97.8219986,Yes,Duke University,Sophomore,20,Male,Computer Science,No,No,Somewhat Liberal,No,,2,2,No
3/26/2018 15:09,3/26/2018 15:10,IP Address,198.86.29.23,100,39,TRUE,3/26/2018 15:10,35.9954071,-78.90190125,Yes,Duke University,Junior,20,Female,Environmental Engineering,No,Yes,Somewhat Liberal,Yes,Christianity,4,4,No
3/26/2018 15:11,3/26/2018 15:11,IP Address,152.3.43.23,100,18,TRUE,3/26/2018 15:11,35.9954071,-78.90190125,Yes,,,,,,,,,,,,,
3/26/2018 15:10,3/26/2018 15:12,IP Address,152.3.43.21,100,64,TRUE,3/26/2018 15:12,35.9954071,-78.90190125,Yes,Duke University,Sophomore,20,Male,Public policy,No,Yes,"Somewhat Liberal,Very Liberal",Yes,Christianity,10,10,No
3/26/2018 15:11,3/26/2018 15:12,IP Address,152.3.43.6,100,37,TRUE,3/26/2018 15:12,35.9954071,-78.90190125,Yes,Duke University,Freshman,18,Female,Biology,No,No,Very Liberal,No,,0,0,No
3/26/2018 15:11,3/26/2018 15:12,IP Address,152.3.43.20,100,40,TRUE,3/26/2018 15:12,35.9954071,-78.90190125,Yes,Duke University,Sophomore,20,Female,Public Policy,No,No,Somewhat Liberal,No,,15,3,No
3/26/2018 15:11,3/26/2018 15:12,IP Address,152.3.43.6,100,35,TRUE,3/26/2018 15:12,35.9954071,-78.90190125,Yes,Duke University,Freshman,18,Male,Biology,No,No,Somewhat Liberal,Yes,Judaism,0,0,No
3/26/2018 15:12,3/26/2018 15:13,IP Address,152.3.43.2,100,39,TRUE,3/26/2018 15:13,35.9954071,-78.90190125,Yes,Duke University,Freshman,19,Female,Economics ,No,Yes,Somewhat Liberal,No,,1,1,Yes
3/26/2018 15:14,3/26/2018 15:14,IP Address,152.3.43.2,100,28,TRUE,3/26/2018 15:14,35.9954071,-78.90190125,Yes,Duke University,Junior,,Female,,No,Yes,Somewhat Liberal,No,,3,1,Yes
3/26/2018 15:13,3/26/2018 15:14,IP Address,152.3.43.2,100,62,TRUE,3/26/2018 15:14,35.9954071,-78.90190125,Yes,Duke University,Freshman,19,Male,Neuroscience,No,No,Somewhat Liberal,No,,2,2,No
3/26/2018 15:14,3/26/2018 15:16,IP Address,152.3.43.2,100,88,TRUE,3/26/2018 15:16,35.9954071,-78.90190125,Yes,Duke University,Freshman,18,Female,Public Policy and Chemistry,No,No,Very Liberal,No,,6,2,No
3/26/2018 15:16,3/26/2018 15:17,IP Address,152.3.43.22,100,18,TRUE,3/26/2018 15:17,35.9954071,-78.90190125,,,,,,,,,,,,,,
3/26/2018 15:17,3/26/2018 15:18,IP Address,152.3.43.188,100,53,TRUE,3/26/2018 15:18,35.9954071,-78.90190125,Yes,Duke University,Sophomore,19,Female,ECE/CS,No,No,Somewhat Liberal,No,,7,6,No
3/26/2018 15:17,3/26/2018 15:18,IP Address,152.3.43.188,100,52,TRUE,3/26/2018 15:18,35.9954071,-78.90190125,Yes,Duke University,Senior,21,Female,Public policy,Yes,Yes,Somewhat Liberal,Yes,Christianity,4,3,Yes
3/26/2018 15:18,3/26/2018 15:19,IP Address,152.3.43.21,100,42,TRUE,3/26/2018 15:19,35.9954071,-78.90190125,Yes,Duke University,Junior,20,Female,environmental science,No,Yes,Very Liberal,No,,2,2,Yes
3/26/2018 15:18,3/26/2018 15:19,IP Address,71.28.80.165,100,44,TRUE,3/26/2018 15:19,35.11199951,-80.76170349,Yes,,,,,,,,,,,,,
3/26/2018 15:18,3/26/2018 15:19,IP Address,152.3.43.188,100,69,TRUE,3/26/2018 15:19,35.9954071,-78.90190125,Yes,Duke University,Junior,20,Female,Environmental Science,No,Yes,Very Liberal,No,,10,10,No
3/26/2018 15:19,3/26/2018 15:19,IP Address,152.3.43.2,100,15,TRUE,3/26/2018 15:19,35.9954071,-78.90190125,,,,,,,,,,,,,,
3/26/2018 15:17,3/26/2018 15:20,IP Address,24.254.189.40,100,159,TRUE,3/26/2018 15:20,37.21409607,-80.0625,No,,,26,Female,N/A,No,No,Very Liberal,Yes,Hinduism,5,5,No
3/26/2018 15:20,3/26/2018 15:21,IP Address,75.40.152.104,100,54,TRUE,3/26/2018 15:21,35.88960266,-78.92440033,Yes,Duke University,Senior,22,Male,BME,No,No,Somewhat Liberal,Yes,Christianity,1,1,Yes
3/26/2018 15:20,3/26/2018 15:21,IP Address,174.109.127.9,100,66,TRUE,3/26/2018 15:21,36.0355072,-78.8391037,Yes,Duke University,Senior,26,Female,Nursing,No,No,Somewhat Conservative,No,,3,3,Yes
3/26/2018 15:19,3/26/2018 15:22,IP Address,50.92.180.8,100,126,TRUE,3/26/2018 15:22,49.27670288,-123.1300049,Yes,Duke University,Sophomore,20,Male,ECE,No,Yes,Very Liberal,No,,10,6,No
3/26/2018 15:20,3/26/2018 15:22,IP Address,152.3.43.23,100,99,TRUE,3/26/2018 15:22,35.9954071,-78.90190125,Yes,Duke University,Junior,20,Female,Neuroscience,No,No,Very Liberal,No,,8,7,No
3/26/2018 15:23,3/26/2018 15:23,IP Address,174.194.8.211,100,55,TRUE,3/26/2018 15:23,35.25190735,-80.82109833,Yes,Duke University,Sophomore,20,Male,Biology,No,No,Somewhat Liberal,Yes,Islam,2,2,No
3/26/2018 15:24,3/26/2018 15:25,IP Address,71.69.160.240,100,40,TRUE,3/26/2018 15:25,35.74630737,-78.72389984,No,,,24,Female,Statistics,Yes,No,Somewhat Liberal,No,,5,5,No
3/26/2018 15:23,3/26/2018 15:25,IP Address,152.3.43.20,100,108,TRUE,3/26/2018 15:25,35.9954071,-78.90190125,Yes,Duke University,Sophomore,,Male,Economics,No,No,Somewhat Liberal,Yes,Buddhism,9,8,No
3/26/2018 15:25,3/26/2018 15:26,IP Address,107.77.205.115,100,73,TRUE,3/26/2018 15:26,47.49440002,-122.1007004,Yes,Duke University,Sophomore,20,Male,CEE,No,No,Somewhat Liberal,No,,2,1,Yes
3/26/2018 15:27,3/26/2018 15:28,IP Address,152.3.43.188,100,46,TRUE,3/26/2018 15:28,35.9954071,-78.90190125,Yes,Duke University,Sophomore,19,Female,ECE/CS,No,Yes,Neither,Yes,Christianity,1,0,Yes
3/26/2018 15:27,3/26/2018 15:28,IP Address,152.3.43.2,100,45,TRUE,3/26/2018 15:28,35.9954071,-78.90190125,Yes,Duke University,Freshman,18,Female,Psych & CompSci,No,Yes,Somewhat Liberal,Yes,Hinduism,2,2,Yes
3/26/2018 15:27,3/26/2018 15:28,IP Address,107.77.233.51,100,48,TRUE,3/26/2018 15:28,33.74899292,-84.38800049,Yes,Duke University,Freshman,18,Female,Computer Science,No,No,Somewhat Liberal,Yes,Judaism,1,1,No
3/26/2018 15:28,3/26/2018 15:29,IP Address,107.77.232.149,100,42,TRUE,3/26/2018 15:29,33.52070618,-86.80249786,Yes,Duke University,Senior,21,Male,Computer Science,No,No,Very Liberal,No,,3,2,Yes
3/26/2018 15:29,3/26/2018 15:30,IP Address,174.194.0.130,100,52,TRUE,3/26/2018 15:30,35.8480072,-78.70040131,Yes,Duke University,Senior,22,Female,,No,No,Very Liberal,No,,1,1,Yes
3/26/2018 15:28,3/26/2018 15:30,IP Address,72.66.26.22,100,86,TRUE,3/26/2018 15:30,38.89930725,-77.19159698,No,,,22,Male,CS,No,No,Very Liberal,No,,1,1,Yes
3/26/2018 15:16,3/26/2018 15:30,IP Address,198.86.29.23,100,825,TRUE,3/26/2018 15:30,35.9954071,-78.90190125,Yes,Duke University,Senior,22,Female,EVANTH/CULANTH,No,Yes,Very Liberal,Yes,Christianity,17,16,Yes
3/26/2018 15:29,3/26/2018 15:30,IP Address,98.26.40.31,100,63,TRUE,3/26/2018 15:30,36.03779602,-78.9858017,Yes,Duke University,Senior,22,Female,Bio,No,Yes,Somewhat Liberal,No,,2,2,No
3/26/2018 15:30,3/26/2018 15:31,IP Address,152.3.43.20,100,46,TRUE,3/26/2018 15:31,35.9954071,-78.90190125,Yes,Duke University,Senior,22,Female,GSF,No,No,Very Liberal,No,,25,20,Yes
3/26/2018 15:32,3/26/2018 15:33,IP Address,152.3.43.24,100,52,TRUE,3/26/2018 15:33,35.9954071,-78.90190125,Yes,Duke University,Sophomore,19,Female,Chemistry and biology,No,No,Somewhat Liberal,Yes,Christianity,0,0,No
3/26/2018 15:32,3/26/2018 15:33,IP Address,107.77.235.79,100,62,TRUE,3/26/2018 15:33,37.75100708,-97.8219986,Yes,Duke University,Junior,21,Female,Bioogy,No,No,Very Liberal,No,,1,0,No
3/26/2018 15:33,3/26/2018 15:34,IP Address,152.3.43.22,100,38,TRUE,3/26/2018 15:34,35.9954071,-78.90190125,Yes,Duke University,Sophomore,19,Female,Computer Science,No,Yes,Somewhat Liberal,No,,4,3,No
3/26/2018 15:32,3/26/2018 15:35,IP Address,152.3.43.20,100,168,TRUE,3/26/2018 15:35,35.9954071,-78.90190125,Yes,Duke University,Sophomore,20,Male,Psychology,No,Yes,Somewhat Conservative,No,,1,0,Yes
3/26/2018 15:32,3/26/2018 15:35,IP Address,152.3.43.2,100,195,TRUE,3/26/2018 15:35,35.9954071,-78.90190125,Yes,Duke University,Sophomore,19,Male,Biomedical Engineering,No,No,Somewhat Liberal,No,,0,0,No
3/26/2018 15:32,3/26/2018 15:36,IP Address,152.3.43.20,100,223,TRUE,3/26/2018 15:36,35.9954071,-78.90190125,Yes,Duke University,Sophomore,19,Male,Economics,No,No,Neither,No,,0,0,No
3/26/2018 15:35,3/26/2018 15:36,IP Address,107.77.233.181,100,61,TRUE,3/26/2018 15:36,32.29879761,-90.18479919,Yes,Duke University,Sophomore,20,Male,ECE,No,Yes,Somewhat Liberal,No,,12,7,No
3/26/2018 15:36,3/26/2018 15:36,IP Address,174.99.44.65,100,47,TRUE,3/26/2018 15:36,35.94999695,-78.96160126,,,,,,,,,,,,,,
3/26/2018 15:36,3/26/2018 15:37,IP Address,73.97.174.23,100,54,TRUE,3/26/2018 15:37,47.66059875,-122.2919006,Yes,University of Washington,Sophomore,19,Female,Biology,No,No,Somewhat Liberal,No,,6,5,Yes
3/26/2018 15:32,3/26/2018 15:38,IP Address,152.3.34.79,100,382,TRUE,3/26/2018 15:38,35.9954071,-78.90190125,Yes,Duke University,Sophomore,19,Female,PubPol,No,No,Neither,Yes,Christianity,0,0,Yes
3/26/2018 15:37,3/26/2018 15:38,IP Address,174.99.46.245,100,50,TRUE,3/26/2018 15:38,35.94999695,-78.96160126,Yes,Duke University,Senior,21,Female,Nursing,No,No,Somewhat Liberal,No,,3,2,Yes
3/26/2018 15:39,3/26/2018 15:40,IP Address,152.3.43.134,100,52,TRUE,3/26/2018 15:40,35.9954071,-78.90190125,Yes,Duke University,Senior,21,Male,Physics,No,No,Somewhat Liberal,No,,1,1,Yes
3/26/2018 15:38,3/26/2018 15:40,IP Address,152.3.43.28,100,122,TRUE,3/26/2018 15:40,35.9954071,-78.90190125,Yes,Duke University,Senior,22,Male,Spanish,No,No,Somewhat Conservative,Yes,Christianity,,,No
3/26/2018 15:39,3/26/2018 15:40,IP Address,99.203.21.93,100,53,TRUE,3/26/2018 15:40,36.07260132,-79.79199982,Yes,Duke University,Sophomore,19,Female,Neuroscience,No,Yes,Very Liberal,No,,13,11,Yes
3/26/2018 15:41,3/26/2018 15:43,IP Address,152.3.43.2,100,100,TRUE,3/26/2018 15:43,35.9954071,-78.90190125,Yes,Duke University,Freshman,18,Male,CulAnth,No,No,Very Liberal,No,,9,6,Yes
3/26/2018 15:37,3/26/2018 15:43,IP Address,198.86.29.23,100,349,TRUE,3/26/2018 15:43,35.9954071,-78.90190125,Yes,Duke University,Sophomore,20,Female,Psych,No,No,Somewhat Liberal,Yes,Christianity,0,-1,No
3/26/2018 15:42,3/26/2018 15:43,IP Address,107.77.249.9,100,53,TRUE,3/26/2018 15:43,33.94430542,-84.21240234,Yes,Duke University,Senior,22,Male,Engineering Management,No,No,Very Liberal,No,,2,1,Yes
3/26/2018 15:43,3/26/2018 15:44,IP Address,152.3.43.21,100,34,TRUE,3/26/2018 15:44,35.9954071,-78.90190125,Yes,Duke University,Junior,20,Male,Econ,No,No,Somewhat Liberal,No,,1,0,No
3/26/2018 15:44,3/26/2018 15:45,IP Address,152.3.43.28,100,52,TRUE,3/26/2018 15:45,35.9954071,-78.90190125,Yes,Duke University,Senior,21,Female,Neuroscience,No,No,Somewhat Liberal,No,,25,21,No
3/26/2018 15:50,3/26/2018 15:50,IP Address,174.109.80.198,100,44,TRUE,3/26/2018 15:50,36.03779602,-78.9858017,No,,,25,Male,CS,No,No,Very Liberal,No,,100,100,No
3/26/2018 15:50,3/26/2018 15:51,IP Address,174.196.137.70,100,78,TRUE,3/26/2018 15:51,35.85040283,-83.41249847,No,,,22,Female,Biology,No,Yes,Somewhat Liberal,Yes,Christianity,26,26,Yes
3/26/2018 15:51,3/26/2018 15:51,IP Address,152.3.43.21,100,28,TRUE,3/26/2018 15:51,35.9954071,-78.90190125,Yes,Duke University,Sophomore,19,Male,"ECE, CS",No,No,Somewhat Liberal,No,,2,2,No
3/26/2018 15:51,3/26/2018 15:52,IP Address,195.146.143.194,100,36,TRUE,3/26/2018 15:52,49.21670532,18.73330688,Yes,Duke University,Senior,21,Male,Economics,No,No,Somewhat Conservative,Yes,Christianity,1,1,Yes
3/26/2018 15:51,3/26/2018 15:52,IP Address,198.86.29.23,100,82,TRUE,3/26/2018 15:52,35.9954071,-78.90190125,Yes,Duke University,Junior,20,Female,Environmental Science and Policy ,No,No,Very Liberal,No,,6,6,Yes
3/26/2018 15:52,3/26/2018 15:52,IP Address,152.3.43.28,100,34,TRUE,3/26/2018 15:52,35.9954071,-78.90190125,Yes,Duke University,Junior,20,Male,Computer Science,No,No,Somewhat Liberal,No,,2,2,Yes
3/26/2018 15:52,3/26/2018 15:53,IP Address,107.77.233.160,100,53,TRUE,3/26/2018 15:53,32.29879761,-90.18479919,Yes,Duke University,Sophomore,19,Female,BME,No,Yes,Somewhat Liberal,No,,1,0,No
3/26/2018 15:54,3/26/2018 15:55,IP Address,107.77.236.90,100,51,TRUE,3/26/2018 15:55,37.75100708,-97.8219986,Yes,Duke University,Sophomore,19,Female,Bio,No,No,Somewhat Liberal,Yes,Christianity,2,1,Yes
3/26/2018 15:55,3/26/2018 15:55,IP Address,152.3.43.2,100,38,TRUE,3/26/2018 15:55,35.9954071,-78.90190125,Yes,Duke University,Sophomore,19,Female,Public Policy,No,No,Very Liberal,No,,0,0,No
3/26/2018 15:58,3/26/2018 15:59,IP Address,152.3.43.22,100,46,TRUE,3/26/2018 15:59,35.9954071,-78.90190125,Yes,Duke University,Sophomore,20,Female,economics,Yes,No,Neither,Yes,Christianity,4,2,Yes
3/26/2018 16:00,3/26/2018 16:01,IP Address,152.3.43.3,100,33,TRUE,3/26/2018 16:01,35.9954071,-78.90190125,Yes,Duke University,Freshman,,,,,,,,,,,
3/26/2018 16:00,3/26/2018 16:01,IP Address,152.3.43.21,100,46,TRUE,3/26/2018 16:01,35.9954071,-78.90190125,Yes,Duke University,Junior,20,Female,psychology,No,No,Somewhat Liberal,Yes,Christianity,1,1,No
3/26/2018 15:59,3/26/2018 16:01,IP Address,128.237.166.43,100,93,TRUE,3/26/2018 16:01,40.44389343,-79.95610046,Yes,Carnegie Mellon University,Senior,21,Other,Biology,No,No,Very Liberal,Yes,Christianity,0,0,No
3/26/2018 16:02,3/26/2018 16:03,IP Address,152.3.43.23,100,32,TRUE,3/26/2018 16:03,35.9954071,-78.90190125,Yes,Duke University,Junior,20,Female,biology,No,No,Very Liberal,No,,1,1,Yes
3/26/2018 16:02,3/26/2018 16:03,IP Address,152.3.43.2,100,51,TRUE,3/26/2018 16:03,35.9954071,-78.90190125,Yes,Duke University,Freshman,19,Male,ECE,No,No,Somewhat Liberal,Yes,Christianity,1,0,No
3/26/2018 16:03,3/26/2018 16:03,IP Address,198.86.29.23,100,39,TRUE,3/26/2018 16:03,35.9954071,-78.90190125,Yes,Duke University,Freshman,18,Female,psychology ,No,Yes,Very Liberal,No,,0,0,No
3/26/2018 16:03,3/26/2018 16:04,IP Address,152.3.43.23,100,59,TRUE,3/26/2018 16:04,35.9954071,-78.90190125,Yes,Duke University,Freshman,18,Female,Global Health,No,Yes,Very Liberal,No,,0,0,No
3/26/2018 16:03,3/26/2018 16:04,IP Address,152.3.43.20,100,60,TRUE,3/26/2018 16:04,35.9954071,-78.90190125,Yes,Duke University,Sophomore,19,Male,Economics,No,No,"Neither,Somewhat Liberal",No,,,,
3/26/2018 16:03,3/26/2018 16:04,IP Address,152.3.43.2,100,37,TRUE,3/26/2018 16:04,35.9954071,-78.90190125,Yes,Duke University,Freshman,18,Female,Neuroscience ,No,Yes,Very Liberal,No,,0,0,No
3/26/2018 16:05,3/26/2018 16:07,IP Address,107.77.236.95,100,160,TRUE,3/26/2018 16:07,37.75100708,-97.8219986,Yes,Duke University,Freshman,19,Male,Computer Science,No,Yes,Very Conservative,Yes,Christianity,0,0,No
3/26/2018 16:07,3/26/2018 16:08,IP Address,68.53.94.9,100,42,TRUE,3/26/2018 16:08,36.13330078,-86.80370331,No,,,25,Female,Biology,Yes,Yes,Neither,Yes,Christianity,0,0,No
3/26/2018 16:08,3/26/2018 16:08,IP Address,152.3.43.21,100,23,TRUE,3/26/2018 16:08,35.9954071,-78.90190125,Yes,,,,,,,,,,,,,
3/26/2018 16:08,3/26/2018 16:09,IP Address,152.3.43.23,100,37,TRUE,3/26/2018 16:09,35.9954071,-78.90190125,Yes,Duke University,Sophomore,20,Female,biology,No,No,Very Liberal,Yes,Christianity,0,0,No
3/26/2018 16:13,3/26/2018 16:15,IP Address,152.3.43.6,100,116,TRUE,3/26/2018 16:15,35.9954071,-78.90190125,Yes,,,,,,,,,,,,,
3/26/2018 16:16,3/26/2018 16:17,IP Address,152.3.43.28,100,47,TRUE,3/26/2018 16:17,35.9954071,-78.90190125,Yes,Duke University,Junior,19,Female,ECE/CS,No,Yes,Somewhat Liberal,No,,1,1,No
3/26/2018 16:18,3/26/2018 16:19,IP Address,152.3.43.3,100,50,TRUE,3/26/2018 16:19,35.9954071,-78.90190125,Yes,Duke University,Junior,20,Male,Computer Science,Yes,Yes,Very Liberal,No,,5,3,Yes
3/26/2018 16:18,3/26/2018 16:19,IP Address,107.15.134.92,100,59,TRUE,3/26/2018 16:19,35.84950256,-79.03410339,No,,,22,Male,Evanth,No,Yes,Somewhat Conservative,No,,1,1,Yes
3/26/2018 16:20,3/26/2018 16:21,IP Address,152.3.43.23,100,58,TRUE,3/26/2018 16:21,35.9954071,-78.90190125,Yes,Duke University,Junior,20,Female,Biology,No,No,Somewhat Liberal,No,,1,1,Yes
3/26/2018 16:21,3/26/2018 16:21,IP Address,152.3.43.21,100,27,TRUE,3/26/2018 16:21,35.9954071,-78.90190125,Yes,Duke University,Junior,21,Female,Economics,No,No,Somewhat Liberal,Yes,Christianity,2,2,Yes
3/26/2018 16:23,3/26/2018 16:23,IP Address,152.3.43.20,100,24,TRUE,3/26/2018 16:23,35.9954071,-78.90190125,Yes,,,,,,,,,,,,,
3/26/2018 16:22,3/26/2018 16:23,IP Address,198.86.29.23,100,55,TRUE,3/26/2018 16:23,35.9954071,-78.90190125,Yes,Duke University,Junior,21,Male,Mechanical Engineering,No,No,Somewhat Conservative,Yes,Christianity,2,1,Yes
3/26/2018 16:20,3/26/2018 16:23,IP Address,174.109.79.181,100,215,TRUE,3/26/2018 16:23,36.03779602,-78.9858017,Yes,Duke University,Senior,22,Female,History ,No,Yes,Somewhat Conservative,Yes,Christianity,5,5,No
3/26/2018 16:24,3/26/2018 16:24,IP Address,152.3.43.2,100,37,TRUE,3/26/2018 16:24,35.9954071,-78.90190125,Yes,Duke University,Freshman,19,Female,Public Policy,No,Yes,Somewhat Liberal,No,,2,2,Yes
3/26/2018 16:24,3/26/2018 16:24,IP Address,107.77.234.40,100,39,TRUE,3/26/2018 16:24,37.75100708,-97.8219986,Yes,Duke University,Sophomore,20,Female,BME,No,No,Very Liberal,No,,1,1,No
3/26/2018 16:30,3/26/2018 16:32,IP Address,152.3.43.2,100,92,TRUE,3/26/2018 16:32,35.9954071,-78.90190125,Yes,Duke University,Freshman,19,Female,Biology,No,Yes,Somewhat Conservative,Yes,Christianity,4,2,No
3/26/2018 16:37,3/26/2018 16:37,IP Address,152.3.43.36,100,37,TRUE,3/26/2018 16:37,35.9954071,-78.90190125,Yes,Duke University,Sophomore,20,Male,Chemistry ,No,No,Somewhat Liberal,Yes,Islam,1,0,Yes
3/26/2018 14:53,3/26/2018 16:40,IP Address,174.194.22.154,100,6389,TRUE,3/26/2018 16:40,35.21800232,-80.7858963,Yes,Duke University,Senior,22,Male,Statistics ,No,No,Somewhat Liberal,No,,8,7,Yes
3/26/2018 16:40,3/26/2018 16:42,IP Address,152.3.43.28,100,83,TRUE,3/26/2018 16:42,35.9954071,-78.90190125,Yes,Duke University,Senior,21,Female,,No,No,Somewhat Liberal,No,,3,2,Yes
3/26/2018 16:52,3/26/2018 16:53,IP Address,152.3.34.67,100,79,TRUE,3/26/2018 16:53,35.9954071,-78.90190125,Yes,Duke University,Senior,21,Female,Psychology,No,No,Somewhat Liberal,Yes,Christianity,1,1,No
3/26/2018 16:55,3/26/2018 16:55,IP Address,152.3.43.22,100,38,TRUE,3/26/2018 16:55,35.9954071,-78.90190125,Yes,Duke University,Junior,21,Female,Evolutionary Anthropology,No,No,Very Liberal,Yes,Christianity,2,2,No
3/26/2018 16:55,3/26/2018 16:56,IP Address,107.77.234.73,100,41,TRUE,3/26/2018 16:56,37.75100708,-97.8219986,Yes,Duke University,Sophomore,20,Female,Computer Science ,No,Yes,Very Liberal,No,,2,1,Yes
3/26/2018 17:01,3/26/2018 17:02,IP Address,40.139.112.162,100,47,TRUE,3/26/2018 17:02,37.3421936,-121.8833008,No,,,24,Male,ECE,No,No,Somewhat Conservative,No,,26,25,No
3/26/2018 17:02,3/26/2018 17:03,IP Address,152.3.43.28,100,64,TRUE,3/26/2018 17:03,35.9954071,-78.90190125,Yes,Duke University,Sophomore,19,Male,Economics and psychology,No,No,Somewhat Conservative,No,,4,1,No
3/26/2018 17:03,3/26/2018 17:03,IP Address,24.163.75.15,100,37,TRUE,3/26/2018 17:03,36.09240723,-78.90100098,Yes,Duke University,Senior,22,Female,EvAnth,No,No,Very Liberal,Yes,Christianity,1,1,Yes
3/26/2018 17:06,3/26/2018 17:07,IP Address,152.3.43.188,100,56,TRUE,3/26/2018 17:07,35.9954071,-78.90190125,Yes,Duke University,Junior,21,Female,Electrical and Computer Engineering,No,Yes,Very Liberal,No,,1,1,Yes
3/26/2018 17:11,3/26/2018 17:12,IP Address,98.26.41.254,100,40,TRUE,3/26/2018 17:12,36.09240723,-78.90100098,Yes,Duke University,Senior,22,Female,Psychology ,No,Yes,Somewhat Conservative,Yes,Christianity,2,2,Yes
3/26/2018 17:11,3/26/2018 17:13,IP Address,107.77.232.67,100,94,TRUE,3/26/2018 17:13,37.75100708,-97.8219986,Yes,Duke University,Junior,20,Male,Econ,Yes,No,Somewhat Conservative,Yes,Judaism,9,4,No
3/26/2018 17:12,3/26/2018 17:13,IP Address,107.77.233.174,100,56,TRUE,3/26/2018 17:13,32.29879761,-90.18479919,Yes,Duke University,Sophomore,19,Male,Economics,No,No,Somewhat Liberal,No,,2,1,Yes
3/26/2018 17:12,3/26/2018 17:13,IP Address,152.3.43.23,100,44,TRUE,3/26/2018 17:13,35.9954071,-78.90190125,Yes,Duke University,Senior,22,Female,Visual Arts,No,No,"Somewhat Conservative,Somewhat Liberal",No,,5,5,No
3/26/2018 17:13,3/26/2018 17:13,IP Address,152.3.43.3,100,40,TRUE,3/26/2018 17:13,35.9954071,-78.90190125,Yes,,Freshman,18,Female,Biology,No,No,Somewhat Liberal,No,,1,1,No
3/26/2018 17:14,3/26/2018 17:15,IP Address,198.86.29.23,100,37,TRUE,3/26/2018 17:15,35.9954071,-78.90190125,Yes,Duke University,Sophomore,20,Female,Psychology,No,No,Very Liberal,No,,1,1,Yes
3/26/2018 17:23,3/26/2018 17:24,IP Address,73.109.61.15,100,56,TRUE,3/26/2018 17:24,47.71569824,-122.3009949,No,,,22,Female,economics & computer science,No,No,Somewhat Liberal,Yes,Christianity,2,2,Yes
3/26/2018 17:26,3/26/2018 17:26,IP Address,198.86.29.23,100,39,TRUE,3/26/2018 17:26,35.9954071,-78.90190125,Yes,Duke University,Freshman,18,Female,Civil Engineering,No,No,Very Liberal,No,,4,4,No
3/26/2018 17:25,3/26/2018 17:26,IP Address,152.3.43.28,100,55,TRUE,3/26/2018 17:26,35.9954071,-78.90190125,Yes,Duke University,Junior,21,Female,Neuroscience,No,No,Very Liberal,Yes,Christianity,2,2,Yes
3/26/2018 17:26,3/26/2018 17:27,IP Address,152.3.43.20,100,59,TRUE,3/26/2018 17:27,35.9954071,-78.90190125,Yes,Duke University,Sophomore,20,Male,econ,No,Yes,Very Conservative,No,,8,6,No
3/26/2018 17:27,3/26/2018 17:28,IP Address,174.109.66.192,100,38,TRUE,3/26/2018 17:28,36.03779602,-78.9858017,Yes,Duke University,Senior,22,Male,Pubpol ,No,Yes,Somewhat Conservative,No,,5,4,No
3/26/2018 17:27,3/26/2018 17:28,IP Address,71.76.9.23,100,29,TRUE,3/26/2018 17:28,33.88079834,-80.35359955,Yes,Duke University,Senior,,,,,,,,,,,
3/26/2018 17:28,3/26/2018 17:31,IP Address,152.3.43.20,100,172,TRUE,3/26/2018 17:31,35.9954071,-78.90190125,Yes,Duke University,Sophomore,20,Female,Biology,No,Yes,Somewhat Liberal,No,,1,1,Yes
3/26/2018 17:38,3/26/2018 17:39,IP Address,152.3.43.28,100,31,TRUE,3/26/2018 17:39,35.9954071,-78.90190125,Yes,Duke University,Sophomore,20,Female,Biology,No,No,Somewhat Liberal,No,,1,1,Yes
3/26/2018 17:44,3/26/2018 17:45,IP Address,107.77.237.185,100,43,TRUE,3/26/2018 17:45,37.75100708,-97.8219986,Yes,Duke University,Sophomore,19,Female,Public Policy,No,Yes,Somewhat Liberal,Yes,Hinduism,3,,
3/26/2018 17:51,3/26/2018 17:51,IP Address,152.3.43.23,100,29,TRUE,3/26/2018 17:51,35.9954071,-78.90190125,Yes,Duke University,Junior,21,Male,Economics,No,Yes,Somewhat Conservative,No,,5,3,Yes
3/26/2018 17:51,3/26/2018 17:51,IP Address,152.3.43.18,100,34,TRUE,3/26/2018 17:51,35.9954071,-78.90190125,Yes,Duke University,Freshman,18,Female,BME/ECE,No,No,Somewhat Liberal,No,,1,0,No
3/26/2018 17:46,3/26/2018 18:02,IP Address,152.3.43.2,100,970,TRUE,3/26/2018 18:02,35.9954071,-78.90190125,Yes,Duke University,Freshman,18,Male,Econ,No,No,Somewhat Liberal,No,,0,0,No
3/26/2018 18:08,3/26/2018 18:09,IP Address,152.3.43.2,100,73,TRUE,3/26/2018 18:09,35.9954071,-78.90190125,Yes,Duke University,Freshman,21,Male,Pubpol ,No,No,Neither,Yes,Islam,1,1,Yes
3/26/2018 18:19,3/26/2018 18:21,IP Address,152.3.43.6,100,94,TRUE,3/26/2018 18:21,35.9954071,-78.90190125,Yes,Duke University,Freshman,19,Female,biomedical engineering,No,No,Very Liberal,No,,3,3,No
3/26/2018 18:23,3/26/2018 18:23,IP Address,152.3.43.18,100,45,TRUE,3/26/2018 18:23,35.9954071,-78.90190125,Yes,Duke University,Junior,20,Female,BME ,No,Yes,Very Liberal,No,,8,8,No
3/26/2018 18:24,3/26/2018 18:26,IP Address,152.3.43.23,100,76,TRUE,3/26/2018 18:26,35.9954071,-78.90190125,Yes,Duke University,Senior,23,Female,,No,No,Very Liberal,,,0,0,No
3/26/2018 18:28,3/26/2018 18:28,IP Address,174.109.123.194,100,42,TRUE,3/26/2018 18:28,36.03779602,-78.9858017,Yes,Duke University,Senior,21,Female,Sociology,No,Yes,Very Liberal,No,,0,0,No
3/26/2018 18:33,3/26/2018 18:34,IP Address,174.193.158.3,100,60,TRUE,3/26/2018 18:34,35.10629272,-80.71199799,No,,,23,Female,Biology,No,No,Somewhat Liberal,Yes,Christianity,1,1,Yes
3/26/2018 18:33,3/26/2018 18:34,IP Address,152.3.43.28,100,78,TRUE,3/26/2018 18:34,35.9954071,-78.90190125,Yes,Duke University,Senior,22,Female,ICS,No,No,Very Liberal,Yes,Islam,0,0,No
3/26/2018 18:35,3/26/2018 18:39,IP Address,45.37.68.129,100,200,TRUE,3/26/2018 18:39,35.94659424,-78.79769897,Yes,Duke University,Senior,21,Male,Biology,No,Yes,Somewhat Liberal,No,,36,22,No
3/26/2018 18:39,3/26/2018 18:40,IP Address,152.3.43.23,100,77,TRUE,3/26/2018 18:40,35.9954071,-78.90190125,Yes,Duke University,Sophomore,20,Female,,No,No,Neither,No,,0,,Yes
3/26/2018 18:41,3/26/2018 18:41,IP Address,152.3.43.3,100,48,TRUE,3/26/2018 18:41,35.9954071,-78.90190125,Yes,Duke University,Freshman,19,Female,chemistry or neuroscience,No,No,Somewhat Conservative,Yes,Christianity,1,1,Yes
3/26/2018 18:49,3/26/2018 18:50,IP Address,152.3.43.20,100,21,TRUE,3/26/2018 18:50,35.9954071,-78.90190125,,,,,,,,,,,,,,
3/26/2018 18:54,3/26/2018 18:54,IP Address,107.77.234.77,100,18,TRUE,3/26/2018 18:54,37.75100708,-97.8219986,,,,,,,,,,,,,,
3/26/2018 18:59,3/26/2018 19:00,IP Address,152.3.43.23,100,55,TRUE,3/26/2018 19:00,35.9954071,-78.90190125,Yes,Duke University,Sophomore,20,Female,Mechanical engineering ,No,No,Very Liberal,Yes,Christianity,2,1,Yes
3/26/2018 19:00,3/26/2018 19:01,IP Address,152.3.43.2,100,56,TRUE,3/26/2018 19:01,35.9954071,-78.90190125,Yes,Duke University,Freshman,18,Male,Econ/CS,No,Yes,Very Liberal,No,,4,3,No
3/26/2018 19:21,3/26/2018 19:22,IP Address,152.3.43.22,100,42,TRUE,3/26/2018 19:22,35.9954071,-78.90190125,Yes,Duke University,Sophomore,20,Female,ECE/CS,No,No,Very Liberal,No,,3,3,Yes
3/26/2018 19:23,3/26/2018 19:24,IP Address,107.15.29.93,100,87,TRUE,3/26/2018 19:24,36.07550049,-79.07409668,No,,,23,Female,Psychology (class of 2017),No,No,Somewhat Liberal,Yes,Christianity,2,2,Yes
3/26/2018 19:22,3/26/2018 19:26,IP Address,152.3.43.36,100,228,TRUE,3/26/2018 19:26,35.9954071,-78.90190125,Yes,Duke University,Junior,20,Female,Biology ,No,Yes,Very Liberal,No,,15,13,No
3/26/2018 19:29,3/26/2018 19:30,IP Address,152.3.43.36,100,61,TRUE,3/26/2018 19:30,35.9954071,-78.90190125,Yes,Duke University,Sophomore,20,Female,,No,Yes,Neither,No,,1,1,Yes
3/26/2018 19:32,3/26/2018 19:33,IP Address,152.3.43.20,100,58,TRUE,3/26/2018 19:33,35.9954071,-78.90190125,Yes,Duke University,Junior,21,Female,Pubpol,No,Yes,"Somewhat Liberal,Very Liberal",No,,6,5,No
3/26/2018 19:32,3/26/2018 19:33,IP Address,108.219.236.177,100,55,TRUE,3/26/2018 19:33,42.46659851,-83.17819977,No,,,23,Female,Economics,No,Yes,Somewhat Conservative,No,,20,20,No
3/26/2018 19:31,3/26/2018 19:35,IP Address,152.3.43.21,100,202,TRUE,3/26/2018 19:35,35.9954071,-78.90190125,Yes,Duke University,Junior,21,Male,ECE/CS,No,No,Neither,No,,8,6,Yes
3/26/2018 19:33,3/26/2018 19:36,IP Address,152.3.43.21,100,132,TRUE,3/26/2018 19:36,35.9954071,-78.90190125,Yes,Duke University,Junior,20,Female,Cultural Anthropology,No,No,Somewhat Liberal,No,,2,2,No
3/26/2018 19:36,3/26/2018 19:37,IP Address,76.182.34.92,100,68,TRUE,3/26/2018 19:37,35.94659424,-78.79769897,Yes,Duke University,Junior,21,Female,Mechanical engineering,No,No,"Somewhat Conservative,Somewhat Liberal",No,,15,8,No
3/26/2018 19:38,3/26/2018 19:39,IP Address,99.203.20.23,100,57,TRUE,3/26/2018 19:39,35.18330383,-80.64230347,Yes,Duke University,Senior,21,Female,Physics ,No,No,Somewhat Liberal,Yes,Christianity,4,4,Yes
3/26/2018 19:39,3/26/2018 19:40,IP Address,152.3.43.2,100,80,TRUE,3/26/2018 19:40,35.9954071,-78.90190125,Yes,Duke University,Freshman,18,Male,Biology,No,No,Very Liberal,No,,4,2,Yes
3/26/2018 19:41,3/26/2018 19:42,IP Address,107.77.234.135,100,37,TRUE,3/26/2018 19:42,33.92030334,-84.61799622,Yes,Duke University,Junior,21,Female,Bme,No,No,Very Liberal,No,,1,1,Yes
3/26/2018 14:44,3/26/2018 19:47,IP Address,152.3.43.188,100,18167,TRUE,3/26/2018 19:47,35.9954071,-78.90190125,Yes,FMU,Senior,69,Female,CS duh,Yes,Yes,Very Liberal,No,,6969,69,Yes
3/26/2018 19:47,3/26/2018 19:51,IP Address,73.70.190.44,100,209,TRUE,3/26/2018 19:51,37.30419922,-122.0946045,Yes,UC Davis,Freshman,19,Female,biomedical engineering ,No,No,Very Liberal,Yes,Christianity,0,0,Yes
3/26/2018 19:56,3/26/2018 19:56,IP Address,152.3.43.21,100,25,TRUE,3/26/2018 19:56,35.9954071,-78.90190125,Yes,Duke University,Sophomore,,,,,,,,,,,
3/26/2018 20:01,3/26/2018 20:02,IP Address,152.3.43.188,100,59,TRUE,3/26/2018 20:02,35.9954071,-78.90190125,Yes,Duke University,Sophomore,19,Female,Economics and Global Health,No,Yes,Very Liberal,No,,4,4,No
3/26/2018 20:10,3/26/2018 20:10,IP Address,152.3.43.28,100,37,TRUE,3/26/2018 20:10,35.9954071,-78.90190125,Yes,Duke University,Sophomore,20,Female,public policy,No,Yes,Very Liberal,No,,5,5,No
3/26/2018 20:15,3/26/2018 20:16,IP Address,152.3.34.69,100,37,TRUE,3/26/2018 20:16,35.9954071,-78.90190125,Yes,Duke University,Sophomore,20,Female,Public policy ,No,Yes,Very Liberal,No,,0,0,No
3/26/2018 20:16,3/26/2018 20:17,IP Address,152.3.43.2,100,53,TRUE,3/26/2018 20:17,35.9954071,-78.90190125,Yes,Duke University,Junior,21,Female,Environmental science and policy ,No,Yes,Somewhat Liberal,No,,5,4,No
3/26/2018 20:25,3/26/2018 20:26,IP Address,24.4.127.216,100,71,TRUE,3/26/2018 20:26,37.38450623,-122.0881042,Yes,California Polytechnic State University,Sophomore,19,Female,Child Development,No,No,Neither,No,,3,1,Yes
3/26/2018 20:27,3/26/2018 20:28,IP Address,107.77.235.7,100,88,TRUE,3/26/2018 20:28,37.75100708,-97.8219986,No,,,25,Female,Biology,No,No,Very Liberal,No,,10,0,No
3/26/2018 20:28,3/26/2018 20:29,IP Address,152.3.43.2,100,52,TRUE,3/26/2018 20:29,35.9954071,-78.90190125,Yes,Duke University,Freshman,18,Female,Mechanical Engineering ,No,No,Somewhat Conservative,No,,2,0,Yes
3/26/2018 20:38,3/26/2018 20:38,IP Address,98.26.38.190,100,30,TRUE,3/26/2018 20:38,36.0355072,-78.8391037,Yes,,,,,,,,,,,,,
3/26/2018 21:04,3/26/2018 21:04,IP Address,152.3.43.2,100,37,TRUE,3/26/2018 21:04,35.9954071,-78.90190125,Yes,Duke University,Freshman,18,Female,,No,No,Somewhat Liberal,No,,1,1,Yes
3/26/2018 16:30,3/26/2018 21:05,IP Address,152.3.43.3,100,16527,TRUE,3/26/2018 21:05,35.9954071,-78.90190125,Yes,Duke University,Junior,21,Female,political science,No,Yes,Somewhat Liberal,No,,1,1,Yes
3/26/2018 21:08,3/26/2018 21:09,IP Address,152.3.43.20,100,53,TRUE,3/26/2018 21:09,35.9954071,-78.90190125,Yes,Duke University,Freshman,19,Male,Neuroscience,No,Yes,Very Liberal,No,,3,3,Yes
3/26/2018 21:14,3/26/2018 21:15,IP Address,45.37.83.197,100,38,TRUE,3/26/2018 21:15,35.94659424,-78.79769897,Yes,Duke University,Sophomore,19,Male,Computer Science,No,No,Somewhat Liberal,No,,1,1,Yes
3/26/2018 21:14,3/26/2018 21:15,IP Address,152.3.43.20,100,80,TRUE,3/26/2018 21:15,35.9954071,-78.90190125,Yes,Duke University,Freshman,19,Male,Mechanical engineering ,No,No,Somewhat Conservative,Yes,Christianity,0,0,Yes
3/26/2018 21:38,3/26/2018 21:39,IP Address,152.3.43.22,100,49,TRUE,3/26/2018 21:39,35.9954071,-78.90190125,Yes,Duke University,Sophomore,19,Male,Economics,No,No,Somewhat Liberal,No,,2,2,No
3/26/2018 21:45,3/26/2018 21:46,IP Address,71.232.13.144,100,31,TRUE,3/26/2018 21:46,42.38000488,-71.13289642,Yes,Duke University,Freshman,18,Female,bio,Yes,Yes,Somewhat Liberal,Yes,Judaism,24,9,Yes
3/26/2018 21:45,3/26/2018 21:46,IP Address,174.194.15.153,100,70,TRUE,3/26/2018 21:46,35.21569824,-80.82620239,Yes,Duke University,Sophomore,19,Female,Biology ,No,No,Very Liberal,Yes,Other (Please specify),12,6,No
3/26/2018 21:52,3/26/2018 21:52,IP Address,69.119.104.196,100,46,TRUE,3/26/2018 21:52,40.9151001,-73.78179932,Yes,Duke University,Sophomore,19,Female,Computer Science,No,No,Very Liberal,No,,34,25,Yes
3/26/2018 21:53,3/26/2018 21:56,IP Address,152.3.43.2,100,223,TRUE,3/26/2018 21:56,35.9954071,-78.90190125,Yes,Duke University,Freshman,19,Female,ECE/CS,No,No,Somewhat Conservative,Yes,Christianity,12,8,No
3/26/2018 22:08,3/26/2018 22:09,IP Address,152.3.43.188,100,49,TRUE,3/26/2018 22:09,35.9954071,-78.90190125,Yes,Duke University,Sophomore,19,Female,computer science,No,Yes,Very Liberal,Yes,Judaism,1,0,No
3/26/2018 22:34,3/26/2018 22:35,IP Address,152.3.43.22,100,44,TRUE,3/26/2018 22:35,35.9954071,-78.90190125,Yes,Duke University,Sophomore,19,Female,computer science,No,No,Very Liberal,No,,2,2,No
3/26/2018 22:43,3/26/2018 22:45,IP Address,152.3.43.22,100,93,TRUE,3/26/2018 22:45,35.9954071,-78.90190125,Yes,Duke University,Sophomore,19,Female,CS,No,No,Very Conservative,Yes,Christianity,2,1,No
3/26/2018 22:44,3/26/2018 22:45,IP Address,98.26.46.170,100,41,TRUE,3/26/2018 22:45,36.0355072,-78.8391037,Yes,Duke University,Senior,22,Female,Biomedical engineering,No,Yes,Neither,Yes,Christianity,4,2,Yes
3/26/2018 22:47,3/26/2018 22:48,IP Address,152.3.43.20,100,44,TRUE,3/26/2018 22:48,35.9954071,-78.90190125,Yes,Duke University,Senior,22,Other,neuroscience,No,No,Somewhat Liberal,Yes,Christianity,1,1,Yes
3/26/2018 22:47,3/26/2018 22:48,IP Address,152.3.43.2,100,56,TRUE,3/26/2018 22:48,35.9954071,-78.90190125,Yes,Duke University,Freshman,19,Female,Cs,No,Yes,Neither,No,,3,2,No
3/26/2018 22:52,3/26/2018 22:53,IP Address,73.54.253.227,100,51,TRUE,3/26/2018 22:53,33.83790588,-84.38459778,No,,,23,Female,Econ,No,No,Somewhat Liberal,Yes,Islam,2,2,No
3/26/2018 22:57,3/26/2018 22:58,IP Address,76.31.1.30,100,36,TRUE,3/26/2018 22:58,29.30659485,-94.77230072,No,,,25,Female,,No,No,Somewhat Liberal,No,,,,
3/26/2018 23:04,3/26/2018 23:04,IP Address,152.3.71.185,100,27,TRUE,3/26/2018 23:04,35.9954071,-78.90190125,,,,,,,,,,,,,,
3/26/2018 23:08,3/26/2018 23:09,IP Address,152.3.43.2,100,50,TRUE,3/26/2018 23:09,35.9954071,-78.90190125,Yes,Duke University,Freshman,19,Male,Pubpol,No,No,Somewhat Liberal,No,,,,
3/26/2018 23:17,3/26/2018 23:18,IP Address,152.3.71.172,100,58,TRUE,3/26/2018 23:18,35.9954071,-78.90190125,Yes,Duke University,Senior,22,Male,CS,No,Yes,Very Liberal,No,,3,2,Yes
3/26/2018 23:17,3/26/2018 23:19,IP Address,152.3.43.21,100,100,TRUE,3/26/2018 23:19,35.9954071,-78.90190125,Yes,Duke University,Sophomore,20,Male,Public Policy Studies,No,No,Very Liberal,No,,5,4,No
3/26/2018 23:30,3/26/2018 23:31,IP Address,152.3.43.21,100,57,TRUE,3/26/2018 23:31,35.9954071,-78.90190125,Yes,Duke University,Junior,20,Female,Neuroscience ,No,No,"Somewhat Liberal,Very Liberal",No,,1,1,No
3/26/2018 23:34,3/26/2018 23:37,IP Address,152.3.43.188,100,221,TRUE,3/26/2018 23:37,35.9954071,-78.90190125,Yes,Duke University,Junior,20,Male,CS/Econ ,No,No,Neither,Yes,Christianity,1,1,No
3/26/2018 23:38,3/26/2018 23:39,IP Address,45.37.83.170,100,43,TRUE,3/26/2018 23:39,35.94659424,-78.79769897,Yes,Duke University,Sophomore,20,Male,Neuroscience,No,No,Very Liberal,No,,1,1,No
3/26/2018 23:50,3/26/2018 23:50,IP Address,152.3.43.6,100,29,TRUE,3/26/2018 23:50,35.9954071,-78.90190125,Yes,Duke University,Freshman,,Male,CS,No,No,"Neither,Somewhat Liberal",No,,0,0,No
3/27/2018 0:12,3/27/2018 0:14,IP Address,137.120.107.184,100,83,TRUE,3/27/2018 0:14,50.85009766,5.688201904,Yes,Duke University,Junior,21,Female,Sociology,No,Yes,Somewhat Liberal,Yes,Christianity,2,1,No
3/27/2018 0:15,3/27/2018 0:15,IP Address,152.3.43.20,100,43,TRUE,3/27/2018 0:15,35.9954071,-78.90190125,Yes,Duke University,Junior,21,Male,Biology,No,No,Neither,Yes,Islam,4,1,No
3/27/2018 0:28,3/27/2018 0:29,IP Address,152.3.43.21,100,36,TRUE,3/27/2018 0:29,35.9954071,-78.90190125,Yes,Duke University,Senior,22,Male,pubpol,No,No,Somewhat Liberal,No,,8,8,No
3/27/2018 0:48,3/27/2018 0:49,IP Address,12.176.124.251,100,70,TRUE,3/27/2018 0:49,34.08630371,-118.4896011,Yes,Duke University,Sophomore,20,Male,Economics,No,Yes,Somewhat Liberal,No,,7,6,No
3/27/2018 0:51,3/27/2018 0:54,IP Address,152.3.43.28,100,133,TRUE,3/27/2018 0:54,35.9954071,-78.90190125,Yes,Duke University,Junior,22,Male,Neuroscience ,No,No,Neither,Yes,Christianity,1,1,Yes
3/27/2018 1:03,3/27/2018 1:04,IP Address,107.77.234.101,100,60,TRUE,3/27/2018 1:04,37.75100708,-97.8219986,Yes,Duke University,Junior,20,Female,CS,No,Yes,Somewhat Liberal,No,,0,0,No
3/27/2018 1:09,3/27/2018 1:10,IP Address,152.3.43.21,100,62,TRUE,3/27/2018 1:10,35.9954071,-78.90190125,Yes,Duke University,Sophomore,20,Female,ECE/BME,No,No,Very Liberal,Yes,Christianity,3,1,No
3/27/2018 1:19,3/27/2018 1:24,IP Address,152.3.43.20,100,330,TRUE,3/27/2018 1:24,35.9954071,-78.90190125,Yes,Duke University,,22,Male,Computer Science,No,No,Somewhat Liberal,No,,8,8,No
3/27/2018 1:28,3/27/2018 1:29,IP Address,152.3.43.28,100,64,TRUE,3/27/2018 1:29,35.9954071,-78.90190125,Yes,Duke University,Sophomore,20,Female,Ece,No,No,Somewhat Liberal,Yes,Christianity,,,
3/27/2018 4:12,3/27/2018 4:12,IP Address,198.86.29.23,100,41,TRUE,3/27/2018 4:12,35.9954071,-78.90190125,Yes,Duke University,Sophomore,20,Male,Computer Science,No,No,Somewhat Liberal,No,,5,5,No
3/27/2018 5:22,3/27/2018 5:23,IP Address,152.3.43.2,100,42,TRUE,3/27/2018 5:23,35.9954071,-78.90190125,Yes,Duke University,Freshman,18,Male,,No,No,Very Liberal,No,,0,0,No
3/27/2018 5:35,3/27/2018 5:36,IP Address,152.3.43.2,100,45,TRUE,3/27/2018 5:36,35.9954071,-78.90190125,Yes,Duke University,Sophomore,19,Female,Biomedical Engineering,No,No,Very Liberal,Yes,Christianity,0,0,Yes
3/27/2018 6:24,3/27/2018 6:25,IP Address,174.99.67.155,100,39,TRUE,3/27/2018 6:25,35.88960266,-78.92440033,Yes,Duke University,Senior,21,Female,Engineering,Yes,No,Somewhat Liberal,No,,0,0,No
3/27/2018 7:20,3/27/2018 7:22,IP Address,198.86.29.23,100,87,TRUE,3/27/2018 7:22,35.9954071,-78.90190125,Yes,Duke University,Sophomore,20,Female,Public policy ,No,Yes,Somewhat Liberal,Yes,Christianity,2,2,Yes
3/27/2018 7:35,3/27/2018 7:36,IP Address,137.99.240.248,100,45,TRUE,3/27/2018 7:36,41.80799866,-72.25099945,Yes,UConn,Sophomore,19,Male,Marketing,Yes,No,Somewhat Liberal,Yes,Christianity,13,9,No
3/27/2018 7:55,3/27/2018 7:56,IP Address,152.3.43.2,100,47,TRUE,3/27/2018 7:56,35.9954071,-78.90190125,Yes,Duke University,Freshman,18,Female,Mechanical engineering ,No,No,Very Liberal,No,,4,3,No
3/27/2018 8:02,3/27/2018 8:03,IP Address,198.86.29.23,100,94,TRUE,3/27/2018 8:03,35.9954071,-78.90190125,Yes,Duke University,Junior,,,,,,,,,,,
3/27/2018 8:10,3/27/2018 8:11,IP Address,152.3.43.36,100,34,TRUE,3/27/2018 8:11,35.9954071,-78.90190125,,,,,,,,,,,,,,
3/27/2018 8:42,3/27/2018 8:43,IP Address,198.86.29.23,100,28,TRUE,3/27/2018 8:43,35.9954071,-78.90190125,Yes,Duke University,Freshman,18,Male,Math,No,No,Somewhat Liberal,No,,,,
3/27/2018 8:42,3/27/2018 8:43,IP Address,152.3.43.23,100,58,TRUE,3/27/2018 8:43,35.9954071,-78.90190125,No,,,25,Male,Statistics,No,No,Very Liberal,No,,25,24,No
3/27/2018 8:43,3/27/2018 8:44,IP Address,152.3.43.2,100,42,TRUE,3/27/2018 8:44,35.9954071,-78.90190125,Yes,Duke University,Freshman,19,Female,Linguistics,No,No,Very Liberal,No,,1,0,No
3/27/2018 8:58,3/27/2018 8:59,IP Address,152.3.43.22,100,49,TRUE,3/27/2018 8:59,35.9954071,-78.90190125,Yes,Duke University,Freshman,18,Male,Statistics,No,No,Neither,No,,0,0,No
3/27/2018 8:59,3/27/2018 9:02,IP Address,174.194.28.101,100,136,TRUE,3/27/2018 9:02,34.11920166,-80.86299896,Yes,Duke University,Junior,21,Female,Stats,No,No,Very Liberal,No,,6,3,Yes
3/27/2018 9:05,3/27/2018 9:05,IP Address,152.3.43.21,100,31,TRUE,3/27/2018 9:05,35.9954071,-78.90190125,Yes,Duke University,Junior,20,Male,CompSci,No,No,Somewhat Conservative,No,,3,3,Yes
3/27/2018 9:06,3/27/2018 9:07,IP Address,152.3.43.23,100,35,TRUE,3/27/2018 9:07,35.9954071,-78.90190125,Yes,Duke University,Junior,21,Female,Biology,No,No,"Somewhat Liberal,Very Liberal",No,,2,1,Yes
3/27/2018 9:13,3/27/2018 9:13,IP Address,152.3.43.21,100,35,TRUE,3/27/2018 9:13,35.9954071,-78.90190125,Yes,Duke University,Freshman,19,Female,Statistical Science,No,No,Somewhat Liberal,No,,0,0,No
3/27/2018 9:02,3/27/2018 9:16,IP Address,174.109.93.6,100,846,TRUE,3/27/2018 9:16,36.0355072,-78.8391037,Yes,Duke University,Senior,22,Female,ECE/CS,No,No,Very Liberal,No,,1,1,Yes
3/27/2018 9:20,3/27/2018 9:21,IP Address,12.170.9.19,100,51,TRUE,3/27/2018 9:21,36.0355072,-78.8391037,Yes,Duke University,Freshman,18,Male,Undecided ,No,Yes,Very Liberal,No,,1,2,No
3/27/2018 9:24,3/27/2018 9:26,IP Address,152.3.43.22,100,89,TRUE,3/27/2018 9:26,35.9954071,-78.90190125,Yes,Duke University,Freshman,19,Female,Computer Science,No,No,Somewhat Conservative,Yes,Christianity,0,,No
3/27/2018 9:28,3/27/2018 9:28,IP Address,152.3.43.22,100,28,TRUE,3/27/2018 9:28,35.9954071,-78.90190125,Yes,,,,,,,,,,,,,
3/27/2018 9:35,3/27/2018 9:37,IP Address,174.194.26.52,100,110,TRUE,3/27/2018 9:37,35.227005,-79.96209717,No,,,23,Female,English,No,No,Somewhat Liberal,Yes,Christianity,4,4,No
3/27/2018 9:36,3/27/2018 9:37,IP Address,152.3.43.28,100,68,TRUE,3/27/2018 9:37,35.9954071,-78.90190125,Yes,Duke University,Freshman,19,Female,Undeclared,No,Yes,Neither,No,,3,0,No
3/27/2018 9:44,3/27/2018 9:44,IP Address,152.3.43.21,100,36,TRUE,3/27/2018 9:44,35.9954071,-78.90190125,Yes,Duke University,Freshman,19,Male,Computer Science,No,No,Somewhat Liberal,No,,1,0,No
3/27/2018 9:58,3/27/2018 9:58,IP Address,107.77.202.174,100,47,TRUE,3/27/2018 9:58,38.86000061,-77.05329895,No,,,22,Female,BME,No,No,Somewhat Liberal,No,,1,1,Yes
3/27/2018 10:18,3/27/2018 10:19,IP Address,107.77.232.212,100,54,TRUE,3/27/2018 10:19,33.52070618,-86.80249786,Yes,Duke University,Sophomore,20,Male,Public Policy,No,Yes,Somewhat Liberal,No,,8,6,Yes
3/27/2018 10:39,3/27/2018 10:40,IP Address,152.3.43.2,100,55,TRUE,3/27/2018 10:40,35.9954071,-78.90190125,Yes,Duke University,Senior,21,Female,Global Health - ICS,No,No,Somewhat Liberal,No,,15,13,No
3/27/2018 10:49,3/27/2018 10:50,IP Address,152.3.43.21,100,88,TRUE,3/27/2018 10:50,35.9954071,-78.90190125,Yes,Duke University,Senior,21,Female,Computer Science,No,Yes,Somewhat Liberal,No,,15,15,Yes
3/27/2018 11:33,3/27/2018 11:34,IP Address,24.163.60.137,100,61,TRUE,3/27/2018 11:34,36.03779602,-78.9858017,Yes,Duke University,Senior,21,Male,Bio,No,Yes,Somewhat Conservative,Yes,Christianity,20,11,Yes
3/27/2018 11:40,3/27/2018 11:41,IP Address,198.86.29.23,100,50,TRUE,3/27/2018 11:41,35.9954071,-78.90190125,Yes,Duke University,Freshman,19,Male,Pub pol,Yes,Yes,Somewhat Liberal,Yes,Christianity,10,3,Yes
3/27/2018 11:41,3/27/2018 11:42,IP Address,152.3.43.36,100,66,TRUE,3/27/2018 11:42,35.9954071,-78.90190125,Yes,Duke University,Senior,23,Female,Biology,No,No,Very Liberal,Yes,Judaism,5,4,Yes
3/27/2018 12:08,3/27/2018 12:10,IP Address,152.3.43.21,100,115,TRUE,3/27/2018 12:10,35.9954071,-78.90190125,Yes,Duke University,Sophomore,19,Female,Econ,No,No,"Somewhat Liberal,Very Liberal",No,,25,21,No
3/27/2018 12:10,3/27/2018 12:11,IP Address,152.3.43.21,100,15,TRUE,3/27/2018 12:11,35.9954071,-78.90190125,Yes,,,,,,,,,,,,,
3/27/2018 9:08,3/27/2018 12:58,IP Address,152.3.43.20,100,13819,TRUE,3/27/2018 12:59,35.9954071,-78.90190125,Yes,Duke University,Freshman,18,Female,Computer Science,No,No,Very Liberal,No,,0,0,No
3/27/2018 13:10,3/27/2018 13:11,IP Address,152.3.43.24,100,61,TRUE,3/27/2018 13:11,35.9954071,-78.90190125,Yes,Duke University,Sophomore,,Female,"Biology, Global Health",No,Yes,Very Liberal,No,,10,8,Yes
3/27/2018 13:30,3/27/2018 13:30,IP Address,152.3.43.21,100,34,TRUE,3/27/2018 13:30,35.9954071,-78.90190125,Yes,Duke University,Freshman,18,Female,Biology and evanth,No,No,Very Liberal,No,,0,0,No
3/27/2018 13:43,3/27/2018 13:44,IP Address,152.3.43.2,100,39,TRUE,3/27/2018 13:44,35.9954071,-78.90190125,Yes,Duke University,Senior,22,Male,CS,No,Yes,Very Liberal,No,,25,20,Yes
3/27/2018 13:51,3/27/2018 13:52,IP Address,152.3.43.21,100,52,TRUE,3/27/2018 13:52,35.9954071,-78.90190125,Yes,Duke University,Sophomore,,Male,,No,Yes,Somewhat Liberal,No,,4,2,No
3/27/2018 13:58,3/27/2018 13:59,IP Address,152.3.43.22,100,55,TRUE,3/27/2018 13:59,35.9954071,-78.90190125,Yes,Duke University,Junior,20,Female,Mechanical Engineering,No,No,Somewhat Conservative,No,,1,1,No
3/27/2018 14:12,3/27/2018 14:13,IP Address,107.77.232.24,100,56,TRUE,3/27/2018 14:13,37.75100708,-97.8219986,Yes,Duke University,Freshman,18,Male,ECE,No,No,Very Liberal,No,,5,2,Yes
3/27/2018 14:13,3/27/2018 14:15,IP Address,198.86.29.23,100,79,TRUE,3/27/2018 14:15,35.9954071,-78.90190125,Yes,Duke University,Junior,21,Female,Compsci ,No,Yes,Somewhat Liberal,Yes,Christianity,10,10,Yes
3/27/2018 14:15,3/27/2018 14:17,IP Address,152.3.43.23,100,79,TRUE,3/27/2018 14:17,35.9954071,-78.90190125,Yes,Duke University,Junior,20,Female,Psychology ,No,Yes,Very Liberal,No,,6,5,Yes
3/27/2018 14:13,3/27/2018 14:20,IP Address,152.3.43.134,100,432,TRUE,3/27/2018 14:20,35.9954071,-78.90190125,Yes,Duke University,Senior,21,Female,Biomedical Engineer,No,No,Neither,No,,0,0,No
3/27/2018 14:30,3/27/2018 14:30,IP Address,152.3.43.20,100,38,TRUE,3/27/2018 14:30,35.9954071,-78.90190125,Yes,Duke University,Junior,20,Female,,No,No,Very Liberal,No,,1,1,Yes
3/27/2018 14:34,3/27/2018 14:35,IP Address,152.3.43.2,100,41,TRUE,3/27/2018 14:35,35.9954071,-78.90190125,Yes,Duke University,Freshman,19,Female,Neuroscience ,No,Yes,Very Liberal,No,,0,0,No
3/27/2018 14:43,3/27/2018 14:44,IP Address,152.3.43.3,100,60,TRUE,3/27/2018 14:44,35.9954071,-78.90190125,Yes,Duke University,Freshman,18,Female,history,No,No,Very Liberal,Yes,Christianity,1,1,No
3/27/2018 14:50,3/27/2018 14:51,IP Address,174.193.139.132,100,38,TRUE,3/27/2018 14:51,35.13110352,-80.85119629,Yes,Duke University,Senior,22,Male,Sociology,No,Yes,Somewhat Liberal,No,,18,17,Yes
3/27/2018 14:51,3/27/2018 14:52,IP Address,152.3.43.188,100,44,TRUE,3/27/2018 14:52,35.9954071,-78.90190125,Yes,Duke University,Junior,20,Female,Econ,No,Yes,"Neither,Somewhat Liberal",No,,15,15,No
3/27/2018 14:59,3/27/2018 15:00,IP Address,152.3.43.20,100,44,TRUE,3/27/2018 15:00,35.9954071,-78.90190125,Yes,Duke University,Sophomore,19,Male,Comp Sci,No,Yes,Somewhat Liberal,No,,7,2,Yes
3/27/2018 15:12,3/27/2018 15:13,IP Address,174.194.26.97,100,69,TRUE,3/27/2018 15:13,35.227005,-79.96209717,Yes,Duke University,Sophomore,19,Female,Economics and Computer Science,No,No,Somewhat Liberal,Yes,Christianity,10,6,No
3/27/2018 15:20,3/27/2018 15:21,IP Address,152.3.43.20,100,78,TRUE,3/27/2018 15:21,35.9954071,-78.90190125,Yes,Duke University,Senior,21,Female,Program II,No,No,Very Liberal,No,,2,2,Yes
3/27/2018 15:24,3/27/2018 15:25,IP Address,152.3.43.28,100,38,TRUE,3/27/2018 15:25,35.9954071,-78.90190125,Yes,Duke University,Junior,21,Female,Biology,No,Yes,Somewhat Liberal,No,,2,2,Yes
3/27/2018 15:32,3/27/2018 15:34,IP Address,152.3.43.28,100,93,TRUE,3/27/2018 15:34,35.9954071,-78.90190125,Yes,Duke University,Senior,21,Female,neuroscience,No,Yes,Very Liberal,No,,12,10,Yes
3/27/2018 15:53,3/27/2018 15:54,IP Address,152.3.43.2,100,42,TRUE,3/27/2018 15:54,35.9954071,-78.90190125,Yes,Duke University,Freshman,20,Female,Undeclared,No,No,Very Liberal,No,,3,1,No
3/27/2018 15:55,3/27/2018 15:57,IP Address,152.3.43.22,100,113,TRUE,3/27/2018 15:57,35.9954071,-78.90190125,Yes,Duke University,Junior,21,,Ece/cs,No,No,Somewhat Liberal,No,,1,1,Yes
3/27/2018 16:16,3/27/2018 16:17,IP Address,152.3.43.20,100,31,TRUE,3/27/2018 16:17,35.9954071,-78.90190125,Yes,Duke University,Freshman,,Female,,No,No,Somewhat Liberal,Yes,Hinduism,,,No
3/27/2018 16:16,3/27/2018 16:17,IP Address,71.232.13.144,100,21,TRUE,3/27/2018 16:17,42.38000488,-71.13289642,Yes,Duke University,Freshman,18,Male,989,Yes,Yes,Neither,Yes,Judaism,9,6,Yes
3/27/2018 9:06,3/27/2018 16:30,IP Address,152.3.43.2,100,26656,TRUE,3/27/2018 16:31,35.9954071,-78.90190125,Yes,Duke University,Freshman,19,Male,,No,No,Very Liberal,No,,1,1,Yes
3/27/2018 16:35,3/27/2018 16:35,IP Address,152.3.43.2,100,51,TRUE,3/27/2018 16:35,35.9954071,-78.90190125,Yes,Duke University,Freshman,19,Female,Neuroscience,No,No,Very Liberal,No,,7,1,Yes
3/27/2018 16:50,3/27/2018 16:52,IP Address,152.3.43.23,100,94,TRUE,3/27/2018 16:52,35.9954071,-78.90190125,Yes,Duke University,Sophomore,20,Female,Public Policy Studies,No,Yes,Very Liberal,No,,3,3,No
3/27/2018 17:43,3/27/2018 17:44,IP Address,98.26.4.185,100,51,TRUE,3/27/2018 17:44,36.03779602,-78.9858017,Yes,Duke University,Senior,22,Female,Mechanical Engineering,No,No,Very Liberal,No,,1,1,No
3/27/2018 17:18,3/27/2018 17:47,IP Address,45.37.91.114,100,1686,TRUE,3/27/2018 17:47,35.88960266,-78.92440033,Yes,Duke University,Senior,23,Female,ICS,No,No,Neither,No,,,,Yes
3/27/2018 18:05,3/27/2018 18:05,IP Address,152.3.43.22,100,38,TRUE,3/27/2018 18:05,35.9954071,-78.90190125,Yes,Duke University,Sophomore,19,Female,Religion,No,No,Somewhat Liberal,Yes,Christianity,,0,No
3/27/2018 18:33,3/27/2018 18:34,IP Address,152.3.43.188,100,45,TRUE,3/27/2018 18:34,35.9954071,-78.90190125,Yes,Duke University,Sophomore,19,Male,Public Policy,No,Yes,Somewhat Conservative,No,,8,7,No
3/27/2018 18:43,3/27/2018 18:43,IP Address,152.3.43.21,100,36,TRUE,3/27/2018 18:43,35.9954071,-78.90190125,Yes,Duke University,Freshman,19,Female,Economics,No,No,Very Liberal,No,,0,0,Yes
3/27/2018 18:42,3/27/2018 18:43,IP Address,107.77.235.174,100,75,TRUE,3/27/2018 18:43,37.75100708,-97.8219986,Yes,Duke University,Sophomore,19,Female,Psychology and English ,No,No,Neither,Yes,Christianity and Buddhism,0,0,No
3/27/2018 18:46,3/27/2018 18:46,IP Address,152.3.43.2,100,33,TRUE,3/27/2018 18:46,35.9954071,-78.90190125,Yes,Duke University,Freshman,18,Male,Comp Sci,No,No,Somewhat Liberal,No,,0,0,No
3/27/2018 18:50,3/27/2018 18:51,IP Address,152.3.43.2,100,59,TRUE,3/27/2018 18:51,35.9954071,-78.90190125,Yes,Duke University,Freshman,18,Female,Public Policy,No,No,Somewhat Conservative,Yes,Islam,15,12,No
3/27/2018 19:07,3/27/2018 19:08,IP Address,152.3.43.2,100,42,TRUE,3/27/2018 19:08,35.9954071,-78.90190125,Yes,Duke University,Freshman,19,Female,political science,No,No,Very Liberal,Yes,Christianity,2,2,No
3/27/2018 19:48,3/27/2018 19:50,IP Address,152.3.43.23,100,106,TRUE,3/27/2018 19:50,35.9954071,-78.90190125,Yes,Duke University,Junior,21,Female,Environmental science and policy ,No,No,Somewhat Liberal,No,,4,3,No
3/27/2018 19:54,3/27/2018 19:54,IP Address,152.3.43.23,100,38,TRUE,3/27/2018 19:54,35.9954071,-78.90190125,Yes,Duke University,Sophomore,19,Male,Global Health,No,No,Very Liberal,No,,0,0,No
3/27/2018 20:00,3/27/2018 20:01,IP Address,152.3.43.2,100,91,TRUE,3/27/2018 20:01,35.9954071,-78.90190125,Yes,Duke University,Freshman,19,Female,,No,No,Very Liberal,Yes,,1,0,
3/27/2018 20:31,3/27/2018 20:32,IP Address,152.3.43.2,100,59,TRUE,3/27/2018 20:32,35.9954071,-78.90190125,Yes,Duke University,Freshman,18,Female,Linguistics and Psych,No,No,Somewhat Conservative,Yes,Christianity,0,0,No
3/27/2018 20:32,3/27/2018 20:33,IP Address,152.3.43.2,100,51,TRUE,3/27/2018 20:33,35.9954071,-78.90190125,Yes,Duke University,Junior,21,Female,English,No,Yes,Very Liberal,No,,1,1,Yes
3/27/2018 20:53,3/27/2018 20:56,IP Address,198.86.29.23,100,205,TRUE,3/27/2018 20:56,35.9954071,-78.90190125,Yes,Duke University,Sophomore,20,Female,Neuroscience,No,Yes,Somewhat Liberal,No,,13,7,No
3/27/2018 22:04,3/27/2018 22:05,IP Address,152.3.43.2,100,79,TRUE,3/27/2018 22:05,35.9954071,-78.90190125,Yes,Duke University,Freshman,19,Female,psych,No,No,Very Liberal,No,,8,2,No
3/27/2018 22:44,3/27/2018 22:45,IP Address,152.3.43.22,100,37,TRUE,3/27/2018 22:45,35.9954071,-78.90190125,Yes,Duke University,Sophomore,19,Female,Visual arts,No,No,Neither,No,,21,18,No
3/27/2018 22:54,3/27/2018 22:55,IP Address,152.3.43.2,100,32,TRUE,3/27/2018 22:55,35.9954071,-78.90190125,Yes,Duke University,Freshman,19,Male,History,No,No,Very Liberal,Yes,Christianity,2,1,Yes
3/27/2018 23:27,3/27/2018 23:28,IP Address,107.77.237.225,100,63,TRUE,3/27/2018 23:28,37.75100708,-97.8219986,Yes,Duke University,Senior,22,Female,Biology,No,Yes,Very Liberal,No,,10,8,No
3/28/2018 7:29,3/28/2018 7:31,IP Address,152.3.43.2,100,95,TRUE,3/28/2018 7:31,35.9954071,-78.90190125,Yes,Duke University,Freshman,19,Female,Public policy,Yes,No,Somewhat Liberal,No,,1,0,No
3/28/2018 8:04,3/28/2018 8:05,IP Address,208.76.203.214,100,48,TRUE,3/28/2018 8:05,38.40310669,-78.8914032,Yes,James madison university,Sophomore,19,Female,Communication studies,Yes,Yes,Somewhat Conservative,Yes,Christianity,3,2,No
3/28/2018 8:05,3/28/2018 8:06,IP Address,152.3.43.2,100,52,TRUE,3/28/2018 8:06,35.9954071,-78.90190125,Yes,Duke University,Junior,21,Female,Chemistry,No,No,Somewhat Liberal,No,,2,2,Yes
3/28/2018 11:34,3/28/2018 11:35,IP Address,160.39.198.74,100,69,TRUE,3/28/2018 11:35,40.80059814,-73.96530151,Yes,Duke University,Sophomore,19,Female,Econ,No,No,Somewhat Liberal,No,,24,20,Yes
